2026/08/21 17:30:19 Go runtime metrics collection started
2026/08/21 17:30:19 Collecting metrics: GC, Memory, Goroutines, CPU, etc.
2026/08/21 17:30:19 Runtime metrics initialized successfully (interval: 15s)
{"level":"info","ts":"2026-08-21T17:30:19.429+0700","caller":"apps/client.go:744","msg":"Connecting to MerchantAward service","address":"localhost:50065"}
{"level":"info","ts":"2026-08-21T17:30:19.429+0700","caller":"apps/client.go:772","msg":"Successfully connected to MerchantAward service"}
{"level":"info","ts":"2026-08-21T17:30:19.429+0700","caller":"apps/client.go:744","msg":"Connecting to MerchantPolicy service","address":"localhost:50068"}
{"level":"info","ts":"2026-08-21T17:30:19.429+0700","caller":"apps/client.go:772","msg":"Successfully connected to MerchantPolicy service"}
{"level":"info","ts":"2026-08-21T17:30:19.429+0700","caller":"apps/client.go:744","msg":"Connecting to ReviewDetail service","address":"localhost:50069"}
{"level":"info","ts":"2026-08-21T17:30:19.429+0700","caller":"apps/client.go:772","msg":"Successfully connected to ReviewDetail service"}
{"level":"info","ts":"2026-08-21T17:30:19.429+0700","caller":"apps/client.go:744","msg":"Connecting to User service","address":"localhost:50053"}
{"level":"info","ts":"2026-08-21T17:30:19.431+0700","caller":"apps/client.go:772","msg":"Successfully connected to User service"}
{"level":"info","ts":"2026-08-21T17:30:19.431+0700","caller":"apps/client.go:744","msg":"Connecting to OrderItem service","address":"localhost:50056"}
{"level":"info","ts":"2026-08-21T17:30:19.431+0700","caller":"apps/client.go:772","msg":"Successfully connected to OrderItem service"}
{"level":"info","ts":"2026-08-21T17:30:19.431+0700","caller":"apps/client.go:744","msg":"Connecting to Slider service","address":"localhost:50062"}
{"level":"info","ts":"2026-08-21T17:30:19.432+0700","caller":"apps/client.go:772","msg":"Successfully connected to Slider service"}
{"level":"info","ts":"2026-08-21T17:30:19.432+0700","caller":"apps/client.go:744","msg":"Connecting to Auth service","address":"localhost:50051"}
{"level":"info","ts":"2026-08-21T17:30:19.432+0700","caller":"apps/client.go:772","msg":"Successfully connected to Auth service"}
{"level":"info","ts":"2026-08-21T17:30:19.432+0700","caller":"apps/client.go:744","msg":"Connecting to Category service","address":"localhost:50054"}
{"level":"info","ts":"2026-08-21T17:30:19.432+0700","caller":"apps/client.go:772","msg":"Successfully connected to Category service"}
{"level":"info","ts":"2026-08-21T17:30:19.432+0700","caller":"apps/client.go:744","msg":"Connecting to Order service","address":"localhost:50057"}
{"level":"info","ts":"2026-08-21T17:30:19.432+0700","caller":"apps/client.go:772","msg":"Successfully connected to Order service"}
{"level":"info","ts":"2026-08-21T17:30:19.432+0700","caller":"apps/client.go:744","msg":"Connecting to Product service","address":"localhost:50058"}
{"level":"info","ts":"2026-08-21T17:30:19.432+0700","caller":"apps/client.go:772","msg":"Successfully connected to Product service"}
{"level":"info","ts":"2026-08-21T17:30:19.432+0700","caller":"apps/client.go:744","msg":"Connecting to Shipping service","address":"localhost:50063"}
{"level":"info","ts":"2026-08-21T17:30:19.433+0700","caller":"apps/client.go:772","msg":"Successfully connected to Shipping service"}
{"level":"info","ts":"2026-08-21T17:30:19.433+0700","caller":"apps/client.go:744","msg":"Connecting to MerchantDetail service","address":"localhost:50067"}
{"level":"info","ts":"2026-08-21T17:30:19.433+0700","caller":"apps/client.go:772","msg":"Successfully connected to MerchantDetail service"}
{"level":"info","ts":"2026-08-21T17:30:19.433+0700","caller":"apps/client.go:744","msg":"Connecting to StatsReader service","address":"localhost:50070"}
{"level":"info","ts":"2026-08-21T17:30:19.433+0700","caller":"apps/client.go:772","msg":"Successfully connected to StatsReader service"}
{"level":"info","ts":"2026-08-21T17:30:19.434+0700","caller":"apps/client.go:744","msg":"Connecting to Transaction service","address":"localhost:50059"}
{"level":"info","ts":"2026-08-21T17:30:19.434+0700","caller":"apps/client.go:772","msg":"Successfully connected to Transaction service"}
{"level":"info","ts":"2026-08-21T17:30:19.434+0700","caller":"apps/client.go:744","msg":"Connecting to Banner service","address":"localhost:50064"}
{"level":"info","ts":"2026-08-21T17:30:19.434+0700","caller":"apps/client.go:772","msg":"Successfully connected to Banner service"}
{"level":"info","ts":"2026-08-21T17:30:19.434+0700","caller":"apps/client.go:744","msg":"Connecting to MerchantBusiness service","address":"localhost:50066"}
{"level":"info","ts":"2026-08-21T17:30:19.434+0700","caller":"apps/client.go:772","msg":"Successfully connected to MerchantBusiness service"}
{"level":"info","ts":"2026-08-21T17:30:19.434+0700","caller":"apps/client.go:744","msg":"Connecting to Role service","address":"localhost:50052"}
{"level":"info","ts":"2026-08-21T17:30:19.434+0700","caller":"apps/client.go:772","msg":"Successfully connected to Role service"}
{"level":"info","ts":"2026-08-21T17:30:19.434+0700","caller":"apps/client.go:744","msg":"Connecting to Merchant service","address":"localhost:50055"}
{"level":"info","ts":"2026-08-21T17:30:19.434+0700","caller":"apps/client.go:772","msg":"Successfully connected to Merchant service"}
{"level":"info","ts":"2026-08-21T17:30:19.434+0700","caller":"apps/client.go:744","msg":"Connecting to Cart service","address":"localhost:50060"}
{"level":"info","ts":"2026-08-21T17:30:19.434+0700","caller":"apps/client.go:772","msg":"Successfully connected to Cart service"}
{"level":"info","ts":"2026-08-21T17:30:19.434+0700","caller":"apps/client.go:744","msg":"Connecting to Review service","address":"localhost:50061"}
{"level":"info","ts":"2026-08-21T17:30:19.434+0700","caller":"apps/client.go:772","msg":"Successfully connected to Review service"}
{"level":"info","ts":"2026-08-21T17:30:19.486+0700","caller":"apps/client.go:477","msg":"Redis connection established","addr":"localhost:6379","db":19}
{"level":"info","ts":"2026-08-21T17:30:19.492+0700","caller":"kafka/kafka.go:83","msg":"Kafka producer connected successfully"}
{"level":"info","ts":"2026-08-21T17:30:19.497+0700","caller":"apps/client.go:150","msg":"Cache monitoring task started","interval":"30s"}
{"level":"info","ts":"2026-08-21T17:30:19.504+0700","caller":"apps/client.go:202","msg":"Cache cleanup task started","interval":"5m0s"}
{"level":"info","ts":"2026-08-21T17:30:19.505+0700","caller":"apps/client.go:350","msg":"Client initialized successfully","service":"apigateway","version":"1.0.0","server_port":":5000"}
{"level":"info","ts":"2026-08-21T17:30:19.505+0700","caller":"apps/client.go:813","msg":"HTTP server starting","port":":5000","swagger":"http://localhost:5000/swagger/index.html"}
{"time":"2026-08-21T17:30:44+07:00","id":"hdHyKOCfyBoGxhSEfmMjkNQoTAcOqAuC","remote_ip":"::1","host":"localhost:5000","method":"GET","uri":"/api/auth/hello","status":200,"error":"","latency":54523,"latency_human":"54.523µs","bytes_in":0,"bytes_out":5}
{"level":"info","ts":"2026-08-21T17:30:49.531+0700","caller":"apps/client.go:182","msg":"Cache statistics","ref_count":0,"total_keys":0,"hit_rate":0,"memory_used":"1.7 MB","high_ref_count":false}
{"level":"info","ts":"2026-08-21T17:31:19.499+0700","caller":"apps/client.go:182","msg":"Cache statistics","ref_count":0,"total_keys":0,"hit_rate":0,"memory_used":"1.5 MB","high_ref_count":false}
{"level":"info","ts":"2026-08-21T17:31:19.985+0700","caller":"observability/tracing_metrics.go:105","msg":"Start: register"}
{"level":"info","ts":"2026-08-21T17:31:20.653+0700","caller":"observability/tracing_metrics.go:122","msg":"Request completed successfully"}
{"time":"2026-08-21T17:31:20+07:00","id":"QjfhlcXSIepbJHVnRIjJGTsUzxAYwHOy","remote_ip":"::1","host":"localhost:5000","method":"POST","uri":"/api/auth/register","status":201,"error":"","latency":668836675,"latency_human":"668.836675ms","bytes_in":179,"bytes_out":254}
{"level":"info","ts":"2026-08-21T17:31:20.657+0700","caller":"observability/tracing_metrics.go:105","msg":"Start: login"}
{"level":"debug","ts":"2026-08-21T17:31:21.212+0700","caller":"cache/redis_cache.go:98","msg":"Successfully cached data","cacheKey":"apigw:auth:login:hurl.all-endpoints.1787308277@example.com","expiration":"5m0s"}
{"level":"info","ts":"2026-08-21T17:31:21.212+0700","caller":"observability/tracing_metrics.go:122","msg":"Request completed successfully"}
{"time":"2026-08-21T17:31:21+07:00","id":"UKFTpZHlbrWXwSuqQiOsraDJVgkWTNGG","remote_ip":"::1","host":"localhost:5000","method":"POST","uri":"/api/auth/login","status":200,"error":"","latency":556000093,"latency_human":"556.000093ms","bytes_in":91,"bytes_out":389}
{"time":"2026-08-21T17:31:21+07:00","id":"wSYnOQhBmgMWRYKsjAKSWBXwPguJMhVH","remote_ip":"::1","host":"localhost:5000","method":"GET","uri":"/api/auth/hello","status":200,"error":"","latency":60502,"latency_human":"60.502µs","bytes_in":0,"bytes_out":5}
{"level":"info","ts":"2026-08-21T17:31:21.218+0700","caller":"observability/tracing_metrics.go:105","msg":"Start: login"}
{"level":"error","ts":"2026-08-21T17:31:21.219+0700","caller":"errors/api_errors.go:71","msg":"API error in login","error":"[BAD_REQUEST] Validation failed","trace.id":"3da1e8e7c6791fedf08f07e7dd5e009a","path":"/api/auth/login","method":"POST"}
{"time":"2026-08-21T17:31:21+07:00","id":"zAeIqJWaBBQVEBSigqvsrWdiWLPyjFpJ","remote_ip":"::1","host":"localhost:5000","method":"POST","uri":"/api/auth/login","status":400,"error":"","latency":2584673,"latency_human":"2.584673ms","bytes_in":2,"bytes_out":252}
{"level":"info","ts":"2026-08-21T17:31:21.225+0700","caller":"observability/tracing_metrics.go:105","msg":"Start: GetMe"}
{"level":"debug","ts":"2026-08-21T17:31:21.259+0700","caller":"cache/redis_cache.go:98","msg":"Successfully cached data","cacheKey":"apigw:auth:user_info:11","expiration":"5m0s"}
{"level":"info","ts":"2026-08-21T17:31:21.260+0700","caller":"observability/tracing_metrics.go:122","msg":"Request completed successfully"}
{"time":"2026-08-21T17:31:21+07:00","id":"NqDlOadtSZvmUVgljMWCafTMLwAzEVsg","remote_ip":"::1","host":"localhost:5000","method":"GET","uri":"/api/auth/me","status":200,"error":"","latency":35757052,"latency_human":"35.757052ms","bytes_in":0,"bytes_out":250}
{"level":"info","ts":"2026-08-21T17:31:21.262+0700","caller":"observability/tracing_metrics.go:105","msg":"Start: refresh-token"}
{"level":"error","ts":"2026-08-21T17:31:21.262+0700","caller":"errors/api_errors.go:71","msg":"API error in refresh-token","error":"[BAD_REQUEST] Validation failed","trace.id":"007d139a7cb273888307aa8bd2b666b8","path":"/api/auth/refresh-token","method":"POST"}
{"time":"2026-08-21T17:31:21+07:00","id":"DIWPogsWJWqxyjKbhdqWbXebEdsxGsLP","remote_ip":"::1","host":"localhost:5000","method":"POST","uri":"/api/auth/refresh-token","status":400,"error":"","latency":1585084,"latency_human":"1.585084ms","bytes_in":2,"bytes_out":203}
{"level":"info","ts":"2026-08-21T17:31:21.266+0700","caller":"observability/tracing_metrics.go:105","msg":"Start: register"}
{"level":"error","ts":"2026-08-21T17:31:21.267+0700","caller":"errors/api_errors.go:71","msg":"API error in register","error":"[BAD_REQUEST] Validation failed","trace.id":"d82ad8fe476591de1d71225c2cfb39be","path":"/api/auth/register","method":"POST"}
{"time":"2026-08-21T17:31:21+07:00","id":"MUpVSjhiNOjIdFYFvbrzEndiSRFQSsPe","remote_ip":"::1","host":"localhost:5000","method":"POST","uri":"/api/auth/register","status":400,"error":"","latency":1104942,"latency_human":"1.104942ms","bytes_in":2,"bytes_out":428}
{"level":"info","ts":"2026-08-21T17:31:21.270+0700","caller":"observability/tracing_metrics.go:105","msg":"Start: CreateBanner"}
{"time":"2026-08-21T17:31:21+07:00","id":"GahESaTjNXTXnfvKYnPHaxANEyWENVmX","remote_ip":"::1","host":"localhost:5000","method":"POST","uri":"/api/banner-command/create","status":400,"error":"code=400, message=Key: 'CreateBannerRequest.Name' Error:Field validation for 'Name' failed on the 'required' tag\nKey: 'CreateBannerRequest.StartDate' Error:Field validation for 'StartDate' failed on the 'required' tag\nKey: 'CreateBannerRequest.EndDate' Error:Field validation for 'EndDate' failed on the 'required' tag\nKey: 'CreateBannerRequest.StartTime' Error:Field validation for 'StartTime' failed on the 'required' tag\nKey: 'CreateBannerRequest.EndTime' Error:Field validation for 'EndTime' failed on the 'required' tag","latency":2019267,"latency_human":"2.019267ms","bytes_in":2,"bytes_out":525}
{"level":"info","ts":"2026-08-21T17:31:21.274+0700","caller":"observability/tracing_metrics.go:105","msg":"Start: DeleteAllPermanent"}
{"level":"info","ts":"2026-08-21T17:31:21.307+0700","caller":"observability/tracing_metrics.go:122","msg":"All banners deleted permanently"}
{"time":"2026-08-21T17:31:21+07:00","id":"jBIGEoVClcAYyyiSePJhGHoXEJOofaKO","remote_ip":"::1","host":"localhost:5000","method":"POST","uri":"/api/banner-command/permanent/all","status":200,"error":"","latency":34269155,"latency_human":"34.269155ms","bytes_in":2,"bytes_out":78}
{"level":"info","ts":"2026-08-21T17:31:21.312+0700","caller":"observability/tracing_metrics.go:105","msg":"Start: DeletePermanent"}
{"level":"info","ts":"2026-08-21T17:31:21.328+0700","caller":"observability/tracing_metrics.go:122","msg":"Banner deleted permanently"}
{"time":"2026-08-21T17:31:21+07:00","id":"qOhAAFoyrjUBymRjfyptTkhIlCJtyTxT","remote_ip":"::1","host":"localhost:5000","method":"DELETE","uri":"/api/banner-command/permanent/1","status":200,"error":"","latency":17307262,"latency_human":"17.307262ms","bytes_in":2,"bytes_out":73}
{"level":"info","ts":"2026-08-21T17:31:21.330+0700","caller":"observability/tracing_metrics.go:105","msg":"Start: RestoreAll"}
{"level":"info","ts":"2026-08-21T17:31:21.336+0700","caller":"observability/tracing_metrics.go:122","msg":"All banners restored"}
{"time":"2026-08-21T17:31:21+07:00","id":"AKwGthRMCCSjjCQnofkCvonfbgApffoP","remote_ip":"::1","host":"localhost:5000","method":"POST","uri":"/api/banner-command/restore/all","status":200,"error":"","latency":6753272,"latency_human":"6.753272ms","bytes_in":2,"bytes_out":67}
{"level":"info","ts":"2026-08-21T17:31:21.338+0700","caller":"observability/tracing_metrics.go:105","msg":"Start: RestoreBanner"}
{"level":"error","ts":"2026-08-21T17:31:21.353+0700","caller":"banner/command.go:345","msg":"Banner command error in Restore","error":"rpc error: code = NotFound desc = banner not found","trace.id":"72f2d9d1aba0deec14b4354aec6e0738"}
{"time":"2026-08-21T17:31:21+07:00","id":"zVSWDOsvXsOlVymIbEOGRMpkpUdQpvgc","remote_ip":"::1","host":"localhost:5000","method":"POST","uri":"/api/banner-command/restore/1","status":404,"error":"","latency":14981551,"latency_human":"14.981551ms","bytes_in":2,"bytes_out":124}
{"level":"info","ts":"2026-08-21T17:31:21.356+0700","caller":"observability/tracing_metrics.go:105","msg":"Start: TrashBanner"}
{"level":"info","ts":"2026-08-21T17:31:21.371+0700","caller":"observability/tracing_metrics.go:122","msg":"Banner moved to trash"}
{"time":"2026-08-21T17:31:21+07:00","id":"vpnKZTuWzUlrPuPBxbELoFnbJMYhItFC","remote_ip":"::1","host":"localhost:5000","method":"POST","uri":"/api/banner-command/trashed/1","status":200,"error":"","latency":16897187,"latency_human":"16.897187ms","bytes_in":2,"bytes_out":325}
{"level":"info","ts":"2026-08-21T17:31:21.375+0700","caller":"observability/tracing_metrics.go:105","msg":"Start: UpdateBanner"}
{"time":"2026-08-21T17:31:21+07:00","id":"LDsGeRQsxHhegiDpxzjLJjFZIMIwCGZc","remote_ip":"::1","host":"localhost:5000","method":"POST","uri":"/api/banner-command/update/1","status":400,"error":"code=400, message=Key: 'UpdateBannerRequest.BannerID' Error:Field validation for 'BannerID' failed on the 'required' tag\nKey: 'UpdateBannerRequest.Name' Error:Field validation for 'Name' failed on the 'required' tag\nKey: 'UpdateBannerRequest.StartDate' Error:Field validation for 'StartDate' failed on the 'required' tag\nKey: 'UpdateBannerRequest.EndDate' Error:Field validation for 'EndDate' failed on the 'required' tag\nKey: 'UpdateBannerRequest.StartTime' Error:Field validation for 'StartTime' failed on the 'required' tag\nKey: 'UpdateBannerRequest.EndTime' Error:Field validation for 'EndTime' failed on the 'required' tag","latency":2875013,"latency_human":"2.875013ms","bytes_in":2,"bytes_out":629}
{"level":"info","ts":"2026-08-21T17:31:21.381+0700","caller":"observability/tracing_metrics.go:105","msg":"Start: FindAll"}
{"level":"debug","ts":"2026-08-21T17:31:21.426+0700","caller":"cache/redis_cache.go:98","msg":"Successfully cached data","cacheKey":"apigw:banner:all:page:1:pageSize:10:search:","expiration":"5m0s"}
{"level":"info","ts":"2026-08-21T17:31:21.426+0700","caller":"observability/tracing_metrics.go:122","msg":"Request completed successfully"}
{"time":"2026-08-21T17:31:21+07:00","id":"NJkFSHowTjMOkogcntPIoXhBedWaNANs","remote_ip":"::1","host":"localhost:5000","method":"GET","uri":"/api/banner-query","status":200,"error":"","latency":46372179,"latency_human":"46.372179ms","bytes_in":0,"bytes_out":1899}
{"level":"info","ts":"2026-08-21T17:31:21.429+0700","caller":"observability/tracing_metrics.go:105","msg":"Start: FindByActive"}
{"level":"debug","ts":"2026-08-21T17:31:21.449+0700","caller":"cache/redis_cache.go:98","msg":"Successfully cached data","cacheKey":"apigw:banner:active:page:1:pageSize:10:search:","expiration":"5m0s"}
{"level":"info","ts":"2026-08-21T17:31:21.449+0700","caller":"observability/tracing_metrics.go:122","msg":"Request completed successfully"}
{"time":"2026-08-21T17:31:21+07:00","id":"MhHVoRvRWvNZarQPuPCTMbbEYaoDptXO","remote_ip":"::1","host":"localhost:5000","method":"GET","uri":"/api/banner-query/active","status":200,"error":"","latency":20609794,"latency_human":"20.609794ms","bytes_in":0,"bytes_out":1800}
{"level":"info","ts":"2026-08-21T17:31:21.452+0700","caller":"observability/tracing_metrics.go:105","msg":"Start: FindByTrashed"}
{"level":"debug","ts":"2026-08-21T17:31:21.468+0700","caller":"cache/redis_cache.go:98","msg":"Successfully cached data","cacheKey":"apigw:banner:trashed:page:1:pageSize:10:search:","expiration":"5m0s"}
{"level":"info","ts":"2026-08-21T17:31:21.469+0700","caller":"observability/tracing_metrics.go:122","msg":"Request completed successfully"}
{"time":"2026-08-21T17:31:21+07:00","id":"AgggLMrUqINDhRFDbGbkugSBgchaxjiC","remote_ip":"::1","host":"localhost:5000","method":"GET","uri":"/api/banner-query/trashed","status":200,"error":"","latency":18047500,"latency_human":"18.0475ms","bytes_in":0,"bytes_out":417}
{"level":"info","ts":"2026-08-21T17:31:21.472+0700","caller":"observability/tracing_metrics.go:105","msg":"Start: FindById"}
{"level":"error","ts":"2026-08-21T17:31:21.497+0700","caller":"banner/query.go:268","msg":"Banner query error in FindById","error":"rpc error: code = NotFound desc = Banner not found","trace.id":"687d7c445a9329fab4e9c09341fb86d5"}
{"time":"2026-08-21T17:31:21+07:00","id":"JDZQGNWMpzIXHWsTUWwqAXuxRtWMWzes","remote_ip":"::1","host":"localhost:5000","method":"GET","uri":"/api/banner-query/1","status":404,"error":"","latency":25781892,"latency_human":"25.781892ms","bytes_in":0,"bytes_out":124}
{"time":"2026-08-21T17:31:21+07:00","id":"dtHFJCJxVaCQCHBygTMCvXesnvBbJHke","remote_ip":"::1","host":"localhost:5000","method":"POST","uri":"/api/cart-command/create","status":400,"error":"code=400, message=Key: 'CreateCartRequest.Quantity' Error:Field validation for 'Quantity' failed on the 'required' tag\nKey: 'CreateCartRequest.ProductID' Error:Field validation for 'ProductID' failed on the 'required' tag","latency":595036,"latency_human":"595.036µs","bytes_in":2,"bytes_out":219}
{"time":"2026-08-21T17:31:21+07:00","id":"RaIycSYKzERPZbACdRuAPorDUgGAbiSY","remote_ip":"::1","host":"localhost:5000","method":"DELETE","uri":"/api/cart-command/delete","status":400,"error":"code=400, message=Key: 'DeleteCartRequest.CartID' Error:Field validation for 'CartID' failed on the 'required' tag\nKey: 'DeleteCartRequest.UserID' Error:Field validation for 'UserID' failed on the 'required' tag","latency":942720,"latency_human":"942.72µs","bytes_in":2,"bytes_out":209}
{"time":"2026-08-21T17:31:21+07:00","id":"gNoIFHYIxZjSebMTpFtgxXOqOSNYemiY","remote_ip":"::1","host":"localhost:5000","method":"POST","uri":"/api/cart-command/delete-all","status":400,"error":"code=400, message=Key: 'DeleteAllCartRequest.UserID' Error:Field validation for 'UserID' failed on the 'required' tag\nKey: 'DeleteAllCartRequest.CartIds' Error:Field validation for 'CartIds' failed on the 'required' tag","latency":725278,"latency_human":"725.278µs","bytes_in":2,"bytes_out":217}
{"level":"debug","ts":"2026-08-21T17:31:21.575+0700","caller":"cache/redis_cache.go:98","msg":"Successfully cached data","cacheKey":"apigw:cart:all:user:11:page:1:pageSize:10:search:","expiration":"5m0s"}
{"time":"2026-08-21T17:31:21+07:00","id":"PUvdnebPkPFBRBbkAMYBvoYgqATCzldf","remote_ip":"::1","host":"localhost:5000","method":"GET","uri":"/api/cart-query","status":200,"error":"","latency":62469551,"latency_human":"62.469551ms","bytes_in":0,"bytes_out":158}
{"time":"2026-08-21T17:31:21+07:00","id":"KsasmCDmePvlswSXZvxcXvcWueuDUDKG","remote_ip":"::1","host":"localhost:5000","method":"POST","uri":"/api/category-command/create","status":400,"error":"[BAD_REQUEST] Validation failed","latency":648136,"latency_human":"648.136µs","bytes_in":2,"bytes_out":127}
{"time":"2026-08-21T17:31:21+07:00","id":"icyJgZYNOiSMrAEPlMNFmgaeOMlidOKO","remote_ip":"::1","host":"localhost:5000","method":"DELETE","uri":"/api/category-command/permanent/all","status":200,"error":"","latency":22864898,"latency_human":"22.864898ms","bytes_in":2,"bytes_out":81}
{"time":"2026-08-21T17:31:21+07:00","id":"AOmGdxWbNwCFlwLefcfGnISGWSGkkoTE","remote_ip":"::1","host":"localhost:5000","method":"DELETE","uri":"/api/category-command/permanent/1","status":404,"error":"[NOT_FOUND] Category not found","latency":19776598,"latency_human":"19.776598ms","bytes_in":2,"bytes_out":126}
{"time":"2026-08-21T17:31:21+07:00","id":"LlqFfvlLQJuUDptXNuXbNBrXeGDCihcF","remote_ip":"::1","host":"localhost:5000","method":"POST","uri":"/api/category-command/restore/all","status":200,"error":"","latency":20743166,"latency_human":"20.743166ms","bytes_in":2,"bytes_out":70}
{"time":"2026-08-21T17:31:21+07:00","id":"eXJOmXTCiXClZKWWOxqLwAIIpCbwvuRv","remote_ip":"::1","host":"localhost:5000","method":"POST","uri":"/api/category-command/restore/1","status":404,"error":"[] Category not found","latency":8552355,"latency_human":"8.552355ms","bytes_in":2,"bytes_out":107}
{"time":"2026-08-21T17:31:21+07:00","id":"znizojgZYSUBhFCvvGBvDyhpwXmqsOKk","remote_ip":"::1","host":"localhost:5000","method":"POST","uri":"/api/category-command/trashed/1","status":200,"error":"","latency":70556824,"latency_human":"70.556824ms","bytes_in":2,"bytes_out":335}
{"time":"2026-08-21T17:31:21+07:00","id":"ynGBZQqtwVJIEqTnvwwKWgLAyPQJlKSD","remote_ip":"::1","host":"localhost:5000","method":"POST","uri":"/api/category-command/update/1","status":400,"error":"[] Validation failed: invalid update category request","latency":6363451,"latency_human":"6.363451ms","bytes_in":2,"bytes_out":139}
{"level":"debug","ts":"2026-08-21T17:31:21.792+0700","caller":"cache/redis_cache.go:98","msg":"Successfully cached data","cacheKey":"apigw:category:all:page:1:pageSize:10:search:","expiration":"5m0s"}
{"time":"2026-08-21T17:31:21+07:00","id":"yTBrxSkSKywBVzjQfDLoJZRdOgklNLic","remote_ip":"::1","host":"localhost:5000","method":"GET","uri":"/api/category-query","status":200,"error":"","latency":47309046,"latency_human":"47.309046ms","bytes_in":0,"bytes_out":1762}
{"level":"debug","ts":"2026-08-21T17:31:21.827+0700","caller":"cache/redis_cache.go:98","msg":"Successfully cached data","cacheKey":"apigw:category:active:page:1:pageSize:10:search:","expiration":"5m0s"}
{"time":"2026-08-21T17:31:21+07:00","id":"VpFHvPWotHKUtGhpXkPDHyRFeBRJHCgZ","remote_ip":"::1","host":"localhost:5000","method":"GET","uri":"/api/category-query/active","status":200,"error":"","latency":28944555,"latency_human":"28.944555ms","bytes_in":0,"bytes_out":1881}
{"level":"debug","ts":"2026-08-21T17:31:21.846+0700","caller":"cache/redis_cache.go:98","msg":"Successfully cached data","cacheKey":"apigw:category:trashed:page:1:pageSize:10:search:","expiration":"5m0s"}
{"time":"2026-08-21T17:31:21+07:00","id":"nHhpHkwbdvsrZTCpvSdPfzsemRXLomAB","remote_ip":"::1","host":"localhost:5000","method":"GET","uri":"/api/category-query/trashed","status":200,"error":"","latency":16598960,"latency_human":"16.59896ms","bytes_in":0,"bytes_out":428}
{"time":"2026-08-21T17:31:21+07:00","id":"WZGkcoajtGReokxpmqmUTIcXYLmHTWyC","remote_ip":"::1","host":"localhost:5000","method":"GET","uri":"/api/category-query/1","status":404,"error":"[] Category not found","latency":12191406,"latency_human":"12.191406ms","bytes_in":0,"bytes_out":107}
{"level":"debug","ts":"2026-08-21T17:31:21.947+0700","caller":"cache/redis_cache.go:98","msg":"Successfully cached data","cacheKey":"apigw:category:stats:bymerchant:0:month:0","expiration":"5m0s"}
{"time":"2026-08-21T17:31:21+07:00","id":"UuwugNYgUPepqlpqTngoPkjdmsEHPXXC","remote_ip":"::1","host":"localhost:5000","method":"GET","uri":"/api/category-stats/merchant/monthly-pricing","status":200,"error":"","latency":84590984,"latency_human":"84.590984ms","bytes_in":0,"bytes_out":92}
{"level":"debug","ts":"2026-08-21T17:31:21.993+0700","caller":"cache/redis_cache.go:98","msg":"Successfully cached data","cacheKey":"apigw:category:stats:bymerchant:0:month:0:year:0","expiration":"5m0s"}
{"time":"2026-08-21T17:31:21+07:00","id":"dwnMucJSOHgYmRzeZmJuyiQuRElmLrgw","remote_ip":"::1","host":"localhost:5000","method":"GET","uri":"/api/category-stats/merchant/monthly-total-pricing","status":200,"error":"","latency":42596147,"latency_human":"42.596147ms","bytes_in":0,"bytes_out":82}
{"level":"debug","ts":"2026-08-21T17:31:22.070+0700","caller":"cache/redis_cache.go:98","msg":"Successfully cached data","cacheKey":"apigw:category:stats:bymerchant:0:year:0","expiration":"5m0s"}
{"time":"2026-08-21T17:31:22+07:00","id":"bilcsXYGNbgaYncVFCdMdEOStSaGzEmy","remote_ip":"::1","host":"localhost:5000","method":"GET","uri":"/api/category-stats/merchant/yearly-pricing","status":200,"error":"","latency":74469167,"latency_human":"74.469167ms","bytes_in":0,"bytes_out":91}
{"time":"2026-08-21T17:31:22+07:00","id":"xWCgMJOdpwieNVfAMJwbYDFoPBKzbIpC","remote_ip":"::1","host":"localhost:5000","method":"GET","uri":"/api/category-stats/merchant/yearly-total-pricing","status":200,"error":"","latency":3901270,"latency_human":"3.90127ms","bytes_in":0,"bytes_out":91}
{"level":"debug","ts":"2026-08-21T17:31:22.145+0700","caller":"cache/redis_cache.go:98","msg":"Successfully cached data","cacheKey":"apigw:category:stats:month:0:year:0","expiration":"5m0s"}
{"time":"2026-08-21T17:31:22+07:00","id":"NfIGXAPJankgbNuWSfKnPXHVOUQIFsja","remote_ip":"::1","host":"localhost:5000","method":"GET","uri":"/api/category-stats/monthly-pricing","status":200,"error":"","latency":66755080,"latency_human":"66.75508ms","bytes_in":0,"bytes_out":92}
{"time":"2026-08-21T17:31:22+07:00","id":"ckBTtBExUJTLKYxGEgDIKjJTVpjHAeYj","remote_ip":"::1","host":"localhost:5000","method":"GET","uri":"/api/category-stats/monthly-total-pricing","status":200,"error":"","latency":2399380,"latency_human":"2.39938ms","bytes_in":0,"bytes_out":92}
{"level":"debug","ts":"2026-08-21T17:31:22.417+0700","caller":"cache/redis_cache.go:98","msg":"Successfully cached data","cacheKey":"apigw:category:stats:byid:0:month:0","expiration":"5m0s"}
{"time":"2026-08-21T17:31:22+07:00","id":"ftAKzPWORaxLBLqgGvjqoeghnYMUOFbF","remote_ip":"::1","host":"localhost:5000","method":"GET","uri":"/api/category-stats/mycategory/monthly-pricing","status":200,"error":"","latency":265728332,"latency_human":"265.728332ms","bytes_in":0,"bytes_out":92}
{"level":"debug","ts":"2026-08-21T17:31:22.458+0700","caller":"cache/redis_cache.go:98","msg":"Successfully cached data","cacheKey":"apigw:category:stats:byid:0:month:0:year:0","expiration":"5m0s"}
{"time":"2026-08-21T17:31:22+07:00","id":"jIuxurFhZNalmOiUaABgDFloRuMsfqvT","remote_ip":"::1","host":"localhost:5000","method":"GET","uri":"/api/category-stats/mycategory/monthly-total-pricing","status":200,"error":"","latency":35412222,"latency_human":"35.412222ms","bytes_in":0,"bytes_out":82}
{"level":"debug","ts":"2026-08-21T17:31:22.493+0700","caller":"cache/redis_cache.go:98","msg":"Successfully cached data","cacheKey":"apigw:category:stats:byid:0:year:0","expiration":"5m0s"}
{"time":"2026-08-21T17:31:22+07:00","id":"hNAAexMXaiLKBJbdnmQRREStfSafROQN","remote_ip":"::1","host":"localhost:5000","method":"GET","uri":"/api/category-stats/mycategory/yearly-pricing","status":200,"error":"","latency":33983707,"latency_human":"33.983707ms","bytes_in":0,"bytes_out":91}
{"time":"2026-08-21T17:31:22+07:00","id":"WbpiCbUToWZGwaDpXjwdyDuRGuipFSgu","remote_ip":"::1","host":"localhost:5000","method":"GET","uri":"/api/category-stats/mycategory/yearly-total-pricing","status":200,"error":"","latency":1549210,"latency_human":"1.54921ms","bytes_in":0,"bytes_out":91}
{"level":"debug","ts":"2026-08-21T17:31:22.539+0700","caller":"cache/redis_cache.go:98","msg":"Successfully cached data","cacheKey":"apigw:category:stats:year:0","expiration":"5m0s"}
{"time":"2026-08-21T17:31:22+07:00","id":"HawkJlrVToalqxRgLeCbaHQYOntHdUYu","remote_ip":"::1","host":"localhost:5000","method":"GET","uri":"/api/category-stats/yearly-pricing","status":200,"error":"","latency":38826476,"latency_human":"38.826476ms","bytes_in":0,"bytes_out":91}
{"time":"2026-08-21T17:31:22+07:00","id":"hwarIMeIOogyDOZhcFGggxzcEnuhhlfQ","remote_ip":"::1","host":"localhost:5000","method":"GET","uri":"/api/category-stats/yearly-total-pricing","status":200,"error":"","latency":3185038,"latency_human":"3.185038ms","bytes_in":0,"bytes_out":91}
{"time":"2026-08-21T17:31:22+07:00","id":"UKgaHMNkheuHLTfcJoOApgQThsRbjVdK","remote_ip":"::1","host":"localhost:5000","method":"POST","uri":"/api/merchant-award-command/create","status":400,"error":"code=400, message=Key: 'CreateMerchantCertificationOrAwardRequest.MerchantID' Error:Field validation for 'MerchantID' failed on the 'required' tag\nKey: 'CreateMerchantCertificationOrAwardRequest.Title' Error:Field validation for 'Title' failed on the 'required' tag\nKey: 'CreateMerchantCertificationOrAwardRequest.Description' Error:Field validation for 'Description' failed on the 'required' tag\nKey: 'CreateMerchantCertificationOrAwardRequest.IssuedBy' Error:Field validation for 'IssuedBy' failed on the 'required' tag\nKey: 'CreateMerchantCertificationOrAwardRequest.IssueDate' Error:Field validation for 'IssueDate' failed on the 'required' tag","latency":1044349,"latency_human":"1.044349ms","bytes_in":2,"bytes_out":649}
{"time":"2026-08-21T17:31:22+07:00","id":"BjlidXueNWGBpimRfmXORFGDTAiRXCSS","remote_ip":"::1","host":"localhost:5000","method":"POST","uri":"/api/merchant-award-command/permanent/all","status":200,"error":"","latency":24219687,"latency_human":"24.219687ms","bytes_in":2,"bytes_out":86}
{"time":"2026-08-21T17:31:22+07:00","id":"AvsBiWsrVLbSuGIeqPuktwHLZnVykdzF","remote_ip":"::1","host":"localhost:5000","method":"DELETE","uri":"/api/merchant-award-command/permanent/1","status":200,"error":"","latency":13268723,"latency_human":"13.268723ms","bytes_in":2,"bytes_out":81}
{"time":"2026-08-21T17:31:22+07:00","id":"BNAIpeQaolcDFbZycYOQtYwrHsDKRwwp","remote_ip":"::1","host":"localhost:5000","method":"POST","uri":"/api/merchant-award-command/restore/all","status":200,"error":"","latency":6274566,"latency_human":"6.274566ms","bytes_in":2,"bytes_out":83}
{"time":"2026-08-21T17:31:22+07:00","id":"UlqXDbeBhQImMXYkxeomDtIinkQdwTUX","remote_ip":"::1","host":"localhost:5000","method":"POST","uri":"/api/merchant-award-command/restore/1","status":404,"error":"[NOT_FOUND] merchant award not found","latency":10098343,"latency_human":"10.098343ms","bytes_in":2,"bytes_out":132}
{"time":"2026-08-21T17:31:22+07:00","id":"joaVVbhYpwOqqAAXBuApLtvMFgaeLaRd","remote_ip":"::1","host":"localhost:5000","method":"POST","uri":"/api/merchant-award-command/trashed/1","status":200,"error":"","latency":13488131,"latency_human":"13.488131ms","bytes_in":2,"bytes_out":452}
{"time":"2026-08-21T17:31:22+07:00","id":"qLLMiPLJvSEcjENjMwIXmrvFmpckLUGq","remote_ip":"::1","host":"localhost:5000","method":"POST","uri":"/api/merchant-award-command/update/1","status":400,"error":"code=400, message=Key: 'UpdateMerchantCertificationOrAwardRequest.Title' Error:Field validation for 'Title' failed on the 'required' tag\nKey: 'UpdateMerchantCertificationOrAwardRequest.Description' Error:Field validation for 'Description' failed on the 'required' tag\nKey: 'UpdateMerchantCertificationOrAwardRequest.IssuedBy' Error:Field validation for 'IssuedBy' failed on the 'required' tag\nKey: 'UpdateMerchantCertificationOrAwardRequest.IssueDate' Error:Field validation for 'IssueDate' failed on the 'required' tag","latency":1277099,"latency_human":"1.277099ms","bytes_in":2,"bytes_out":519}
{"level":"debug","ts":"2026-08-21T17:31:22.660+0700","caller":"cache/redis_cache.go:98","msg":"Successfully cached data","cacheKey":"apigw:merchant_award:all:page:1:pageSize:10:search:","expiration":"5m0s"}
{"time":"2026-08-21T17:31:22+07:00","id":"NeTHHGdepqiDorqYfNRSPVWeUPoEnRkz","remote_ip":"::1","host":"localhost:5000","method":"GET","uri":"/api/merchant-award-query","status":200,"error":"","latency":20322607,"latency_human":"20.322607ms","bytes_in":0,"bytes_out":2659}
{"level":"debug","ts":"2026-08-21T17:31:22.682+0700","caller":"cache/redis_cache.go:98","msg":"Successfully cached data","cacheKey":"apigw:merchant_award:active:page:1:pageSize:10:search:","expiration":"5m0s"}
{"time":"2026-08-21T17:31:22+07:00","id":"WtOclyySWgznvOgZoRyrAgIxIAPxGofZ","remote_ip":"::1","host":"localhost:5000","method":"GET","uri":"/api/merchant-award-query/active","status":200,"error":"","latency":20343263,"latency_human":"20.343263ms","bytes_in":0,"bytes_out":2778}
{"level":"debug","ts":"2026-08-21T17:31:22.705+0700","caller":"cache/redis_cache.go:98","msg":"Successfully cached data","cacheKey":"apigw:merchant_award:trashed:page:1:pageSize:10:search:","expiration":"5m0s"}
{"time":"2026-08-21T17:31:22+07:00","id":"DaRXdatOgXSWlgRWKfLgaLLlsqmeavpD","remote_ip":"::1","host":"localhost:5000","method":"GET","uri":"/api/merchant-award-query/trashed","status":200,"error":"","latency":17589366,"latency_human":"17.589366ms","bytes_in":0,"bytes_out":537}
{"time":"2026-08-21T17:31:22+07:00","id":"mlyIBgPiioKDQKPmhCAheCiMloNvxCrz","remote_ip":"::1","host":"localhost:5000","method":"GET","uri":"/api/merchant-award-query/1","status":404,"error":"[NOT_FOUND] merchant award not found","latency":9626068,"latency_human":"9.626068ms","bytes_in":0,"bytes_out":132}
{"time":"2026-08-21T17:31:22+07:00","id":"pyGkOmSFhyOrCyuRKBymBMWTRVfFsmQA","remote_ip":"::1","host":"localhost:5000","method":"POST","uri":"/api/merchant-business-command/create","status":400,"error":"code=400, message=Key: 'CreateMerchantBusinessInformationRequest.MerchantID' Error:Field validation for 'MerchantID' failed on the 'required' tag\nKey: 'CreateMerchantBusinessInformationRequest.BusinessType' Error:Field validation for 'BusinessType' failed on the 'required' tag\nKey: 'CreateMerchantBusinessInformationRequest.TaxID' Error:Field validation for 'TaxID' failed on the 'required' tag\nKey: 'CreateMerchantBusinessInformationRequest.EstablishedYear' Error:Field validation for 'EstablishedYear' failed on the 'required' tag\nKey: 'CreateMerchantBusinessInformationRequest.NumberOfEmployees' Error:Field validation for 'NumberOfEmployees' failed on the 'required' tag","latency":637434,"latency_human":"637.434µs","bytes_in":2,"bytes_out":676}
{"time":"2026-08-21T17:31:22+07:00","id":"FMBzERcngCcXkfzVAPTpyiqBpWqTwTjR","remote_ip":"::1","host":"localhost:5000","method":"POST","uri":"/api/merchant-business-command/permanent/all","status":200,"error":"","latency":39668919,"latency_human":"39.668919ms","bytes_in":2,"bytes_out":90}
{"time":"2026-08-21T17:31:22+07:00","id":"nQWenrHGjJdIZYyyVYOOPGFwVGeIrJvj","remote_ip":"::1","host":"localhost:5000","method":"DELETE","uri":"/api/merchant-business-command/permanent/1","status":200,"error":"","latency":8751106,"latency_human":"8.751106ms","bytes_in":2,"bytes_out":84}
{"time":"2026-08-21T17:31:22+07:00","id":"vWETEgUEYwHwAnRLuUbrvLkeBYlPBZWd","remote_ip":"::1","host":"localhost:5000","method":"POST","uri":"/api/merchant-business-command/restore/all","status":200,"error":"","latency":4192885,"latency_human":"4.192885ms","bytes_in":2,"bytes_out":87}
{"time":"2026-08-21T17:31:22+07:00","id":"VlNfqMSdzSysRdKNIDbYQAgzeZIMQfev","remote_ip":"::1","host":"localhost:5000","method":"POST","uri":"/api/merchant-business-command/restore/1","status":404,"error":"[NOT_FOUND] merchant business not found","latency":9048447,"latency_human":"9.048447ms","bytes_in":2,"bytes_out":135}
{"time":"2026-08-21T17:31:22+07:00","id":"sxnhcXymqDuQXRGntidwRWoXntjeYUvt","remote_ip":"::1","host":"localhost:5000","method":"POST","uri":"/api/merchant-business-command/trashed/1","status":200,"error":"","latency":18808777,"latency_human":"18.808777ms","bytes_in":2,"bytes_out":395}
{"time":"2026-08-21T17:31:22+07:00","id":"HKCUmjACHhEAdWIxBLvllvprteaSAbVI","remote_ip":"::1","host":"localhost:5000","method":"POST","uri":"/api/merchant-business-command/update/1","status":400,"error":"code=400, message=Key: 'UpdateMerchantBusinessInformationRequest.BusinessType' Error:Field validation for 'BusinessType' failed on the 'required' tag\nKey: 'UpdateMerchantBusinessInformationRequest.TaxID' Error:Field validation for 'TaxID' failed on the 'required' tag\nKey: 'UpdateMerchantBusinessInformationRequest.EstablishedYear' Error:Field validation for 'EstablishedYear' failed on the 'required' tag\nKey: 'UpdateMerchantBusinessInformationRequest.NumberOfEmployees' Error:Field validation for 'NumberOfEmployees' failed on the 'required' tag","latency":2779405,"latency_human":"2.779405ms","bytes_in":2,"bytes_out":547}
{"level":"debug","ts":"2026-08-21T17:31:22.846+0700","caller":"cache/redis_cache.go:98","msg":"Successfully cached data","cacheKey":"apigw:merchant_business:all:page:1:pageSize:10:search:","expiration":"5m0s"}
{"time":"2026-08-21T17:31:22+07:00","id":"JDqEgvxugmDqABGmVgjiJlqCqHrFMqvR","remote_ip":"::1","host":"localhost:5000","method":"GET","uri":"/api/merchant-business-query","status":200,"error":"","latency":19241700,"latency_human":"19.2417ms","bytes_in":0,"bytes_out":2087}
{"level":"debug","ts":"2026-08-21T17:31:22.864+0700","caller":"cache/redis_cache.go:98","msg":"Successfully cached data","cacheKey":"apigw:merchant_business:active:page:1:pageSize:10:search:","expiration":"5m0s"}
{"time":"2026-08-21T17:31:22+07:00","id":"usiXqGmxjhasBQIwBmkzpvXlEuzaGypK","remote_ip":"::1","host":"localhost:5000","method":"GET","uri":"/api/merchant-business-query/active","status":200,"error":"","latency":15666015,"latency_human":"15.666015ms","bytes_in":0,"bytes_out":2206}
{"level":"debug","ts":"2026-08-21T17:31:22.884+0700","caller":"cache/redis_cache.go:98","msg":"Successfully cached data","cacheKey":"apigw:merchant_business:trashed:page:1:pageSize:10:search:","expiration":"5m0s"}
{"time":"2026-08-21T17:31:22+07:00","id":"iQzxyxJggyORjoRLQhATaXGYXPhrjjbq","remote_ip":"::1","host":"localhost:5000","method":"GET","uri":"/api/merchant-business-query/trashed","status":200,"error":"","latency":15882080,"latency_human":"15.88208ms","bytes_in":0,"bytes_out":477}
{"time":"2026-08-21T17:31:22+07:00","id":"flAWTPNPvhRwHEzbSQDyhVEpXDHxQaeP","remote_ip":"::1","host":"localhost:5000","method":"GET","uri":"/api/merchant-business-query/1","status":404,"error":"[NOT_FOUND] merchant business not found","latency":12435313,"latency_human":"12.435313ms","bytes_in":0,"bytes_out":135}
{"time":"2026-08-21T17:31:22+07:00","id":"HxVBjUWrzCiZklerJDRuJiPdnFbYVSFH","remote_ip":"::1","host":"localhost:5000","method":"POST","uri":"/api/merchant-command/create","status":400,"error":"[BAD_REQUEST] Validation failed","latency":1530072,"latency_human":"1.530072ms","bytes_in":2,"bytes_out":127}
{"time":"2026-08-21T17:31:22+07:00","id":"QjvaTOwersWmzXgfwlbALTVstHrRXDrV","remote_ip":"::1","host":"localhost:5000","method":"POST","uri":"/api/merchant-command/permanent/all","status":200,"error":"","latency":16390251,"latency_human":"16.390251ms","bytes_in":2,"bytes_out":80}
{"time":"2026-08-21T17:31:22+07:00","id":"VbByaxCiwCdegRTESTbiPifMCshihMdL","remote_ip":"::1","host":"localhost:5000","method":"DELETE","uri":"/api/merchant-command/permanent/1","status":200,"error":"","latency":7716681,"latency_human":"7.716681ms","bytes_in":2,"bytes_out":75}
{"time":"2026-08-21T17:31:22+07:00","id":"cjhBRXdMizzldzshxNoteHBsKQywyJac","remote_ip":"::1","host":"localhost:5000","method":"POST","uri":"/api/merchant-command/restore/all","status":200,"error":"","latency":4712601,"latency_human":"4.712601ms","bytes_in":2,"bytes_out":69}
{"time":"2026-08-21T17:31:22+07:00","id":"UKCylBADgTFlpYHsSbyBpacTGmeSaPWJ","remote_ip":"::1","host":"localhost:5000","method":"POST","uri":"/api/merchant-command/restore/1","status":404,"error":"[NOT_FOUND] merchant not found","latency":8109868,"latency_human":"8.109868ms","bytes_in":2,"bytes_out":126}
{"time":"2026-08-21T17:31:22+07:00","id":"VWLHgnONckDuvTVfByaBaQzCwPGKtXyu","remote_ip":"::1","host":"localhost:5000","method":"POST","uri":"/api/merchant-command/trashed/1","status":200,"error":"","latency":14332143,"latency_human":"14.332143ms","bytes_in":2,"bytes_out":445}
{"time":"2026-08-21T17:31:22+07:00","id":"TqZHbDuGnBQlgdTyaaAXbdWjvNbXBYxJ","remote_ip":"::1","host":"localhost:5000","method":"POST","uri":"/api/merchant-command/update/1","status":400,"error":"[BAD_REQUEST] Validation failed","latency":427809,"latency_human":"427.809µs","bytes_in":2,"bytes_out":127}
{"time":"2026-08-21T17:31:22+07:00","id":"UHeDXRunNeiOFfFTZaqUCeWEObxqIZCE","remote_ip":"::1","host":"localhost:5000","method":"POST","uri":"/api/merchant-detail-command/create","status":400,"error":"[] Validation failed: invalid create merchant detail request","latency":6932035,"latency_human":"6.932035ms","bytes_in":2,"bytes_out":146}
{"time":"2026-08-21T17:31:22+07:00","id":"eeubGjsCfJyOCCzSHDJIDTEcNdyCZdkF","remote_ip":"::1","host":"localhost:5000","method":"POST","uri":"/api/merchant-detail-command/permanent/all","status":200,"error":"","latency":15026853,"latency_human":"15.026853ms","bytes_in":2,"bytes_out":87}
{"time":"2026-08-21T17:31:23+07:00","id":"JHvSNqQSNbmFuQStrBBkMswutvTlsxuY","remote_ip":"::1","host":"localhost:5000","method":"DELETE","uri":"/api/merchant-detail-command/permanent/1","status":200,"error":"","latency":22001184,"latency_human":"22.001184ms","bytes_in":2,"bytes_out":82}
{"time":"2026-08-21T17:31:23+07:00","id":"nsezlKLGoNGiTqsVjZCCUJYsTCHUaCtq","remote_ip":"::1","host":"localhost:5000","method":"POST","uri":"/api/merchant-detail-command/restore/all","status":200,"error":"","latency":3338950,"latency_human":"3.33895ms","bytes_in":2,"bytes_out":76}
{"time":"2026-08-21T17:31:23+07:00","id":"iuoTGZRUDQZdCNLSVPSAzUwwhpKDdElO","remote_ip":"::1","host":"localhost:5000","method":"POST","uri":"/api/merchant-detail-command/restore/1","status":404,"error":"[NOT_FOUND] merchant detail not found","latency":6681704,"latency_human":"6.681704ms","bytes_in":2,"bytes_out":133}
{"time":"2026-08-21T17:31:23+07:00","id":"rreyZMxGaOjYeXXKINJfGnxqjiHmseIg","remote_ip":"::1","host":"localhost:5000","method":"POST","uri":"/api/merchant-detail-command/trashed/1","status":404,"error":"[NOT_FOUND] merchant detail not found","latency":4262661,"latency_human":"4.262661ms","bytes_in":2,"bytes_out":133}
{"time":"2026-08-21T17:31:23+07:00","id":"HhzyYAVSOozITRFEOCgFPoElRcKKHWbO","remote_ip":"::1","host":"localhost:5000","method":"POST","uri":"/api/merchant-detail-command/update/1","status":400,"error":"[BAD_REQUEST] Key: 'UpdateMerchantDetailRequest.DisplayName' Error:Field validation for 'DisplayName' failed on the 'required' tag\nKey: 'UpdateMerchantDetailRequest.ShortDescription' Error:Field validation for 'ShortDescription' failed on the 'required' tag","latency":676671,"latency_human":"676.671µs","bytes_in":2,"bytes_out":354}
{"level":"debug","ts":"2026-08-21T17:31:23.056+0700","caller":"cache/redis_cache.go:98","msg":"Successfully cached data","cacheKey":"apigw:merchant_detail:all:page:1:pageSize:10:search:","expiration":"5m0s"}
{"time":"2026-08-21T17:31:23+07:00","id":"sXodtwQtdNTOhEsxiKfgmvfPypWQcXRU","remote_ip":"::1","host":"localhost:5000","method":"GET","uri":"/api/merchant-detail-query","status":200,"error":"","latency":22146935,"latency_human":"22.146935ms","bytes_in":0,"bytes_out":2337}
{"level":"debug","ts":"2026-08-21T17:31:23.081+0700","caller":"cache/redis_cache.go:98","msg":"Successfully cached data","cacheKey":"apigw:merchant_detail:active:page:1:pageSize:10:search:","expiration":"5m0s"}
{"time":"2026-08-21T17:31:23+07:00","id":"IulCZRpmUgQgMaQDoSTgFNyBkUvoJcVT","remote_ip":"::1","host":"localhost:5000","method":"GET","uri":"/api/merchant-detail-query/active","status":200,"error":"","latency":20413732,"latency_human":"20.413732ms","bytes_in":0,"bytes_out":2456}
{"level":"debug","ts":"2026-08-21T17:31:23.101+0700","caller":"cache/redis_cache.go:98","msg":"Successfully cached data","cacheKey":"apigw:merchant_detail:trashed:page:1:pageSize:10:search:","expiration":"5m0s"}
{"time":"2026-08-21T17:31:23+07:00","id":"unHUTKTIvFEAdpzwPDjjQNqCrIeQslLe","remote_ip":"::1","host":"localhost:5000","method":"GET","uri":"/api/merchant-detail-query/trashed","status":200,"error":"","latency":18677510,"latency_human":"18.67751ms","bytes_in":0,"bytes_out":172}
{"time":"2026-08-21T17:31:23+07:00","id":"XxHYhyGsrdCfiQKUaiAztixgamOWjvPi","remote_ip":"::1","host":"localhost:5000","method":"GET","uri":"/api/merchant-detail-query/1","status":404,"error":"[NOT_FOUND] merchant detail not found","latency":16306358,"latency_human":"16.306358ms","bytes_in":0,"bytes_out":133}
{"time":"2026-08-21T17:31:23+07:00","id":"evItDEmENwHkoRqWpmPkNnqpbThnofPt","remote_ip":"::1","host":"localhost:5000","method":"POST","uri":"/api/merchant-document-command/create","status":400,"error":"code=400, message=Invalid merchant ID","latency":335694,"latency_human":"335.694µs","bytes_in":2,"bytes_out":34}
{"time":"2026-08-21T17:31:23+07:00","id":"TJnBhocmDEpKnoAFeJDYyPSlQmQuBYkE","remote_ip":"::1","host":"localhost:5000","method":"POST","uri":"/api/merchant-document-command/permanent/all","status":200,"error":"","latency":11901650,"latency_human":"11.90165ms","bytes_in":2,"bytes_out":89}
{"time":"2026-08-21T17:31:23+07:00","id":"WaTGsrUfPMqUXkDLvMvPHSxaDyusCDxd","remote_ip":"::1","host":"localhost:5000","method":"DELETE","uri":"/api/merchant-document-command/permanent/1","status":200,"error":"","latency":9747823,"latency_human":"9.747823ms","bytes_in":2,"bytes_out":84}
{"time":"2026-08-21T17:31:23+07:00","id":"jtZdLMXGYzSUDYCAyMpznkWlChjBOlrm","remote_ip":"::1","host":"localhost:5000","method":"POST","uri":"/api/merchant-document-command/restore/all","status":200,"error":"","latency":3538518,"latency_human":"3.538518ms","bytes_in":2,"bytes_out":78}
{"level":"error","ts":"2026-08-21T17:31:23.164+0700","caller":"merchant_document/command.go:349","msg":"Failed to Restore"}
{"time":"2026-08-21T17:31:23+07:00","id":"EcXXvkyMRUooXUagPHeOHgsfApPKOMpA","remote_ip":"::1","host":"localhost:5000","method":"POST","uri":"/api/merchant-document-command/restore/1","status":404,"error":"[NOT_FOUND] merchant not found","latency":9006511,"latency_human":"9.006511ms","bytes_in":2,"bytes_out":126}
{"level":"error","ts":"2026-08-21T17:31:23.174+0700","caller":"merchant_document/command.go:349","msg":"Failed to Trash"}
{"time":"2026-08-21T17:31:23+07:00","id":"fDkmfFaKqPWEaNuMttmNdsStVUEEYllw","remote_ip":"::1","host":"localhost:5000","method":"POST","uri":"/api/merchant-document-command/trashed/1","status":404,"error":"[NOT_FOUND] merchant not found","latency":8175849,"latency_human":"8.175849ms","bytes_in":2,"bytes_out":126}
{"time":"2026-08-21T17:31:23+07:00","id":"XlEcjJBNnuDqxNREMVDPTVNdwjMuIgkD","remote_ip":"::1","host":"localhost:5000","method":"POST","uri":"/api/merchant-document-command/update-status/1","status":400,"error":"code=400, message=Key: 'UpdateMerchantDocumentStatusRequest.MerchantID' Error:Field validation for 'MerchantID' failed on the 'required' tag\nKey: 'UpdateMerchantDocumentStatusRequest.Status' Error:Field validation for 'Status' failed on the 'required' tag\nKey: 'UpdateMerchantDocumentStatusRequest.Note' Error:Field validation for 'Note' failed on the 'required' tag","latency":678089,"latency_human":"678.089µs","bytes_in":2,"bytes_out":365}
{"time":"2026-08-21T17:31:23+07:00","id":"WGnCpqxISCPcPlHLmYNspaPyvLDTDoOG","remote_ip":"::1","host":"localhost:5000","method":"POST","uri":"/api/merchant-document-command/update/1","status":400,"error":"code=400, message=Invalid merchant ID","latency":338792,"latency_human":"338.792µs","bytes_in":2,"bytes_out":34}
{"time":"2026-08-21T17:31:23+07:00","id":"sMrGDwbzqDuJBnHjDYOCeMMOcEREDyjB","remote_ip":"::1","host":"localhost:5000","method":"GET","uri":"/api/merchant-document-query","status":200,"error":"","latency":13846010,"latency_human":"13.84601ms","bytes_in":0,"bytes_out":166}
{"time":"2026-08-21T17:31:23+07:00","id":"GCchUjdFeivWjZDOBSbvgaWRFBMFsqdt","remote_ip":"::1","host":"localhost:5000","method":"GET","uri":"/api/merchant-document-query/active","status":200,"error":"","latency":10420931,"latency_human":"10.420931ms","bytes_in":0,"bytes_out":173}
{"time":"2026-08-21T17:31:23+07:00","id":"NAVzcVRFYXCBJjFCFBViYPBNUArYZakw","remote_ip":"::1","host":"localhost:5000","method":"GET","uri":"/api/merchant-document-query/trashed","status":200,"error":"","latency":8967050,"latency_human":"8.96705ms","bytes_in":0,"bytes_out":174}
{"level":"error","ts":"2026-08-21T17:31:23.226+0700","caller":"merchant_document/query.go:172","msg":"Failed to FindById"}
{"time":"2026-08-21T17:31:23+07:00","id":"BQyScIKNqSMgBAKQJCXtFAMhdrYDUjgM","remote_ip":"::1","host":"localhost:5000","method":"GET","uri":"/api/merchant-document-query/1","status":404,"error":"[NOT_FOUND] merchant not found","latency":7837322,"latency_human":"7.837322ms","bytes_in":0,"bytes_out":126}
{"time":"2026-08-21T17:31:23+07:00","id":"NDpSWZZFfECziePKAuEnosrDDSaJKVQY","remote_ip":"::1","host":"localhost:5000","method":"POST","uri":"/api/merchant-policy-command/create","status":400,"error":"code=400, message=Key: 'CreateMerchantPolicyRequest.MerchantID' Error:Field validation for 'MerchantID' failed on the 'required' tag\nKey: 'CreateMerchantPolicyRequest.PolicyType' Error:Field validation for 'PolicyType' failed on the 'required' tag\nKey: 'CreateMerchantPolicyRequest.Title' Error:Field validation for 'Title' failed on the 'required' tag\nKey: 'CreateMerchantPolicyRequest.Description' Error:Field validation for 'Description' failed on the 'required' tag","latency":933539,"latency_human":"933.539µs","bytes_in":2,"bytes_out":469}
{"level":"info","ts":"2026-08-21T17:31:23.231+0700","caller":"observability/tracing_metrics.go:105","msg":"Start: DeleteAllMerchantPoliciesPermanent"}
{"level":"info","ts":"2026-08-21T17:31:23.250+0700","caller":"observability/tracing_metrics.go:122","msg":"Successfully deleted all merchant policies permanently"}
{"time":"2026-08-21T17:31:23+07:00","id":"JXjMMXQvFVwTtiJBvqKTkjrfpPTrYJwx","remote_ip":"::1","host":"localhost:5000","method":"POST","uri":"/api/merchant-policy-command/permanent/all","status":200,"error":"","latency":19690699,"latency_human":"19.690699ms","bytes_in":2,"bytes_out":88}
{"level":"info","ts":"2026-08-21T17:31:23.251+0700","caller":"observability/tracing_metrics.go:105","msg":"Start: DeleteMerchantPolicyPermanent"}
{"level":"info","ts":"2026-08-21T17:31:23.260+0700","caller":"observability/tracing_metrics.go:122","msg":"Successfully deleted merchant policy permanently"}
{"time":"2026-08-21T17:31:23+07:00","id":"rSLmKakDqpxswlColQUyIRnGIaJNMQAp","remote_ip":"::1","host":"localhost:5000","method":"DELETE","uri":"/api/merchant-policy-command/permanent/1","status":200,"error":"","latency":8668726,"latency_human":"8.668726ms","bytes_in":2,"bytes_out":82}
{"level":"info","ts":"2026-08-21T17:31:23.261+0700","caller":"observability/tracing_metrics.go:105","msg":"Start: RestoreAllMerchantPolicies"}
{"level":"info","ts":"2026-08-21T17:31:23.264+0700","caller":"observability/tracing_metrics.go:122","msg":"Successfully restored all merchant policies"}
{"time":"2026-08-21T17:31:23+07:00","id":"VfwKtMezQgxvGPLkAbsmTDxOcabWXqcd","remote_ip":"::1","host":"localhost:5000","method":"POST","uri":"/api/merchant-policy-command/restore/all","status":200,"error":"","latency":3678422,"latency_human":"3.678422ms","bytes_in":2,"bytes_out":77}
{"level":"info","ts":"2026-08-21T17:31:23.267+0700","caller":"observability/tracing_metrics.go:105","msg":"Start: RestoreMerchantPolicy"}
{"level":"error","ts":"2026-08-21T17:31:23.272+0700","caller":"merchant_policy/command.go:300","msg":"Merchant policy command error in Restore","error":"rpc error: code = NotFound desc = merchant policy not found","trace.id":"3ce71a95bc516dbcd5a96eb56c199764"}
{"time":"2026-08-21T17:31:23+07:00","id":"mHtjDiKHFUutisqfYLyHCEqPArpdDmyk","remote_ip":"::1","host":"localhost:5000","method":"POST","uri":"/api/merchant-policy-command/restore/1","status":404,"error":"","latency":6212908,"latency_human":"6.212908ms","bytes_in":2,"bytes_out":133}
{"level":"info","ts":"2026-08-21T17:31:23.274+0700","caller":"observability/tracing_metrics.go:105","msg":"Start: TrashedMerchantPolicy"}
{"level":"info","ts":"2026-08-21T17:31:23.283+0700","caller":"observability/tracing_metrics.go:122","msg":"Successfully moved merchant policy to trash"}
{"time":"2026-08-21T17:31:23+07:00","id":"wqhPXTQBoDxriSwxkEyoeBNDOnRRmMqY","remote_ip":"::1","host":"localhost:5000","method":"POST","uri":"/api/merchant-policy-command/trashed/1","status":200,"error":"","latency":9561104,"latency_human":"9.561104ms","bytes_in":2,"bytes_out":455}
{"time":"2026-08-21T17:31:23+07:00","id":"lptEqLsrtgiLzppxYIoTkvdJNoMSvWHL","remote_ip":"::1","host":"localhost:5000","method":"POST","uri":"/api/merchant-policy-command/update/1","status":400,"error":"code=400, message=Key: 'UpdateMerchantPolicyRequest.PolicyType' Error:Field validation for 'PolicyType' failed on the 'required' tag\nKey: 'UpdateMerchantPolicyRequest.Title' Error:Field validation for 'Title' failed on the 'required' tag\nKey: 'UpdateMerchantPolicyRequest.Description' Error:Field validation for 'Description' failed on the 'required' tag","latency":648669,"latency_human":"648.669µs","bytes_in":2,"bytes_out":353}
{"level":"info","ts":"2026-08-21T17:31:23.287+0700","caller":"observability/tracing_metrics.go:105","msg":"Start: FindAllMerchantPolicies"}
{"level":"debug","ts":"2026-08-21T17:31:23.300+0700","caller":"cache/redis_cache.go:98","msg":"Successfully cached data","cacheKey":"apigw:merchant_policy:all:page:1:pageSize:10:search:","expiration":"5m0s"}
{"level":"info","ts":"2026-08-21T17:31:23.300+0700","caller":"observability/tracing_metrics.go:122","msg":"Successfully fetched all merchant policies"}
{"time":"2026-08-21T17:31:23+07:00","id":"sdsBFkIvysuUIQhYXkRlvGofSRAFeeDj","remote_ip":"::1","host":"localhost:5000","method":"GET","uri":"/api/merchant-policy-query","status":200,"error":"","latency":13399918,"latency_human":"13.399918ms","bytes_in":0,"bytes_out":2438}
{"level":"info","ts":"2026-08-21T17:31:23.302+0700","caller":"observability/tracing_metrics.go:105","msg":"Start: FindByActiveMerchantPolicies"}
{"level":"debug","ts":"2026-08-21T17:31:23.318+0700","caller":"cache/redis_cache.go:98","msg":"Successfully cached data","cacheKey":"apigw:merchant_policy:active:page:1:pageSize:10:search:","expiration":"5m0s"}
{"level":"info","ts":"2026-08-21T17:31:23.318+0700","caller":"observability/tracing_metrics.go:122","msg":"Successfully fetched active merchant policies"}
{"time":"2026-08-21T17:31:23+07:00","id":"jctqAerwaAcgyQQpjrdKiOhRhBnheGvD","remote_ip":"::1","host":"localhost:5000","method":"GET","uri":"/api/merchant-policy-query/active","status":200,"error":"","latency":17006698,"latency_human":"17.006698ms","bytes_in":0,"bytes_out":2753}
{"level":"info","ts":"2026-08-21T17:31:23.320+0700","caller":"observability/tracing_metrics.go:105","msg":"Start: FindByTrashedMerchantPolicies"}
{"level":"debug","ts":"2026-08-21T17:31:23.341+0700","caller":"cache/redis_cache.go:98","msg":"Successfully cached data","cacheKey":"apigw:merchant_policy:trashed:page:1:pageSize:10:search:","expiration":"5m0s"}
{"level":"info","ts":"2026-08-21T17:31:23.342+0700","caller":"observability/tracing_metrics.go:122","msg":"Successfully fetched trashed merchant policies"}
{"time":"2026-08-21T17:31:23+07:00","id":"TGueXkxTqPIRclODFusvXnIHgJsTdkZg","remote_ip":"::1","host":"localhost:5000","method":"GET","uri":"/api/merchant-policy-query/trashed","status":200,"error":"","latency":22478976,"latency_human":"22.478976ms","bytes_in":0,"bytes_out":537}
{"level":"info","ts":"2026-08-21T17:31:23.346+0700","caller":"observability/tracing_metrics.go:105","msg":"Start: FindByIdMerchantPolicy"}
{"level":"error","ts":"2026-08-21T17:31:23.356+0700","caller":"merchant_policy/query.go:218","msg":"Merchant policy query error in FindById","error":"rpc error: code = NotFound desc = merchant policy not found","trace.id":"01bf227eb58f3d3a99ba28d9342068f1"}
{"time":"2026-08-21T17:31:23+07:00","id":"YNMoegmEGIkDAbdhsxYdMlEnvuDfyKBe","remote_ip":"::1","host":"localhost:5000","method":"GET","uri":"/api/merchant-policy-query/1","status":404,"error":"","latency":10450920,"latency_human":"10.45092ms","bytes_in":0,"bytes_out":133}
{"level":"debug","ts":"2026-08-21T17:31:23.389+0700","caller":"cache/redis_cache.go:98","msg":"Successfully cached data","cacheKey":"apigw:merchant:all:page:1:pageSize:10:search:","expiration":"5m0s"}
{"time":"2026-08-21T17:31:23+07:00","id":"xqLBiuNRlkXAiWWitejxrwisKFCpPKUl","remote_ip":"::1","host":"localhost:5000","method":"GET","uri":"/api/merchant-query","status":200,"error":"","latency":30982580,"latency_human":"30.98258ms","bytes_in":0,"bytes_out":2248}
{"level":"debug","ts":"2026-08-21T17:31:23.416+0700","caller":"cache/redis_cache.go:98","msg":"Successfully cached data","cacheKey":"apigw:merchant:active:page:1:pageSize:10:search:","expiration":"5m0s"}
{"time":"2026-08-21T17:31:23+07:00","id":"nzdcmrNqxVDqBTKKDQdCtJXFHMtCXqok","remote_ip":"::1","host":"localhost:5000","method":"GET","uri":"/api/merchant-query/active","status":200,"error":"","latency":25060424,"latency_human":"25.060424ms","bytes_in":0,"bytes_out":2367}
{"level":"debug","ts":"2026-08-21T17:31:23.432+0700","caller":"cache/redis_cache.go:98","msg":"Successfully cached data","cacheKey":"apigw:merchant:trashed:page:1:pageSize:10:search:","expiration":"5m0s"}
{"time":"2026-08-21T17:31:23+07:00","id":"HeRjwUZmUUBnhILqChkTqardtMytpsNP","remote_ip":"::1","host":"localhost:5000","method":"GET","uri":"/api/merchant-query/trashed","status":200,"error":"","latency":13958297,"latency_human":"13.958297ms","bytes_in":0,"bytes_out":537}
{"time":"2026-08-21T17:31:23+07:00","id":"LUvIYeRZYftjSltxrVCFrvUXzixQCvrd","remote_ip":"::1","host":"localhost:5000","method":"GET","uri":"/api/merchant-query/1","status":404,"error":"[NOT_FOUND] merchant not found","latency":8965475,"latency_human":"8.965475ms","bytes_in":0,"bytes_out":126}
{"time":"2026-08-21T17:31:23+07:00","id":"YcepSTRmgWiMoeqZRytddaKBFtJULCKw","remote_ip":"::1","host":"localhost:5000","method":"POST","uri":"/api/merchant-social-link/create","status":400,"error":"code=400, message=Key: 'CreateMerchantSocialRequest.MerchantDetailID' Error:Field validation for 'MerchantDetailID' failed on the 'required' tag\nKey: 'CreateMerchantSocialRequest.Platform' Error:Field validation for 'Platform' failed on the 'required' tag\nKey: 'CreateMerchantSocialRequest.Url' Error:Field validation for 'Url' failed on the 'required' tag","latency":595743,"latency_human":"595.743µs","bytes_in":2,"bytes_out":355}
{"time":"2026-08-21T17:31:23+07:00","id":"oLnEyOqZTxnlTVgLAMZAhHOCYbDnuiIb","remote_ip":"::1","host":"localhost:5000","method":"POST","uri":"/api/merchant-social-link/update/1","status":400,"error":"code=400, message=Key: 'UpdateMerchantSocialRequest.MerchantDetailID' Error:Field validation for 'MerchantDetailID' failed on the 'required' tag\nKey: 'UpdateMerchantSocialRequest.Platform' Error:Field validation for 'Platform' failed on the 'required' tag\nKey: 'UpdateMerchantSocialRequest.Url' Error:Field validation for 'Url' failed on the 'required' tag","latency":1438960,"latency_human":"1.43896ms","bytes_in":2,"bytes_out":355}
{"time":"2026-08-21T17:31:23+07:00","id":"AbBYPFhgQzgNCtESApkBqKevpAnXCIrH","remote_ip":"::1","host":"localhost:5000","method":"POST","uri":"/api/order-command/create","status":400,"error":"code=400, message=Key: 'CreateOrderRequest.MerchantID' Error:Field validation for 'MerchantID' failed on the 'required' tag\nKey: 'CreateOrderRequest.UserID' Error:Field validation for 'UserID' failed on the 'required' tag\nKey: 'CreateOrderRequest.TotalPrice' Error:Field validation for 'TotalPrice' failed on the 'required' tag\nKey: 'CreateOrderRequest.Items' Error:Field validation for 'Items' failed on the 'required' tag\nKey: 'CreateOrderRequest.ShippingAddress.Alamat' Error:Field validation for 'Alamat' failed on the 'required' tag\nKey: 'CreateOrderRequest.ShippingAddress.Provinsi' Error:Field validation for 'Provinsi' failed on the 'required' tag\nKey: 'CreateOrderRequest.ShippingAddress.Kota' Error:Field validation for 'Kota' failed on the 'required' tag\nKey: 'CreateOrderRequest.ShippingAddress.Courier' Error:Field validation for 'Courier' failed on the 'required' tag\nKey: 'CreateOrderRequest.ShippingAddress.ShippingMethod' Error:Field validation for 'ShippingMethod' failed on the 'required' tag\nKey: 'CreateOrderRequest.ShippingAddress.ShippingCost' Error:Field validation for 'ShippingCost' failed on the 'required' tag\nKey: 'CreateOrderRequest.ShippingAddress.Negara' Error:Field validation for 'Negara' failed on the 'required' tag","latency":1000439,"latency_human":"1.000439ms","bytes_in":2,"bytes_out":1258}
{"level":"info","ts":"2026-08-21T17:31:23.487+0700","caller":"cache/redis_cache.go:208","msg":"Invalidated cache keys","pattern":"apigw:order:*","count":0}
{"time":"2026-08-21T17:31:23+07:00","id":"KLobJRLcGfAYeYdfmtkMeOSaTXjTAsOR","remote_ip":"::1","host":"localhost:5000","method":"POST","uri":"/api/order-command/permanent/all","status":200,"error":"","latency":29893157,"latency_human":"29.893157ms","bytes_in":2,"bytes_out":77}
{"time":"2026-08-21T17:31:23+07:00","id":"RtwYTLfMxIetoyEWnPZFoxwesMJHfQiw","remote_ip":"::1","host":"localhost:5000","method":"DELETE","uri":"/api/order-command/permanent/1","status":404,"error":"[NOT_FOUND] order not found","latency":15797701,"latency_human":"15.797701ms","bytes_in":2,"bytes_out":123}
{"level":"info","ts":"2026-08-21T17:31:23.516+0700","caller":"cache/redis_cache.go:208","msg":"Invalidated cache keys","pattern":"apigw:order:*","count":0}
{"time":"2026-08-21T17:31:23+07:00","id":"CEomQckolTSQPUUrCRGjaWnvNdTQhOHd","remote_ip":"::1","host":"localhost:5000","method":"POST","uri":"/api/order-command/restore/all","status":200,"error":"","latency":8224430,"latency_human":"8.22443ms","bytes_in":2,"bytes_out":66}
{"time":"2026-08-21T17:31:23+07:00","id":"rCoJRcjMyQBWJcZYRZCiMpKcgYVJvozI","remote_ip":"::1","host":"localhost:5000","method":"POST","uri":"/api/order-command/restore/1","status":404,"error":"[NOT_FOUND] order not found","latency":11877854,"latency_human":"11.877854ms","bytes_in":2,"bytes_out":123}
{"level":"info","ts":"2026-08-21T17:31:23.547+0700","caller":"cache/redis_cache.go:208","msg":"Invalidated cache keys","pattern":"apigw:order:*","count":0}
{"time":"2026-08-21T17:31:23+07:00","id":"nSzmfFxjgVihGooBReluvGEFSrlDbPzN","remote_ip":"::1","host":"localhost:5000","method":"POST","uri":"/api/order-command/trashed/1","status":200,"error":"","latency":14910400,"latency_human":"14.9104ms","bytes_in":2,"bytes_out":241}
{"time":"2026-08-21T17:31:23+07:00","id":"NpfjRATMkATkISvyTYROXUkEuiifWZuS","remote_ip":"::1","host":"localhost:5000","method":"POST","uri":"/api/order-command/update/1","status":400,"error":"code=400, message=Key: 'UpdateOrderRequest.UserID' Error:Field validation for 'UserID' failed on the 'required' tag\nKey: 'UpdateOrderRequest.TotalPrice' Error:Field validation for 'TotalPrice' failed on the 'required' tag\nKey: 'UpdateOrderRequest.Items' Error:Field validation for 'Items' failed on the 'required' tag","latency":920159,"latency_human":"920.159µs","bytes_in":2,"bytes_out":316}
{"level":"debug","ts":"2026-08-21T17:31:23.601+0700","caller":"cache/redis_cache.go:98","msg":"Successfully cached data","cacheKey":"apigw:order_item:all:page:1:pageSize:10:search:","expiration":"5m0s"}
{"time":"2026-08-21T17:31:23+07:00","id":"AvDfokwlzlJuHZNRbitCrXzGKpCLaPIj","remote_ip":"::1","host":"localhost:5000","method":"GET","uri":"/api/order-item","status":200,"error":"","latency":50553828,"latency_human":"50.553828ms","bytes_in":0,"bytes_out":1292}
{"level":"debug","ts":"2026-08-21T17:31:23.625+0700","caller":"cache/redis_cache.go:98","msg":"Successfully cached data","cacheKey":"apigw:order_item:active:page:1:pageSize:10:search:","expiration":"5m0s"}
{"time":"2026-08-21T17:31:23+07:00","id":"ivcAWVVqXGPgmUZmCAgChquPKoibOVKl","remote_ip":"::1","host":"localhost:5000","method":"GET","uri":"/api/order-item/active","status":200,"error":"","latency":20091875,"latency_human":"20.091875ms","bytes_in":0,"bytes_out":1427}
{"level":"debug","ts":"2026-08-21T17:31:23.640+0700","caller":"cache/redis_cache.go:98","msg":"Successfully cached data","cacheKey":"apigw:order_item:order:1","expiration":"5m0s"}
{"time":"2026-08-21T17:31:23+07:00","id":"jtrqpehRhLkHVfXvltXHcHiHxCfVMEiO","remote_ip":"::1","host":"localhost:5000","method":"GET","uri":"/api/order-item/order/1","status":200,"error":"","latency":13783399,"latency_human":"13.783399ms","bytes_in":0,"bytes_out":226}
{"time":"2026-08-21T17:31:23+07:00","id":"qIUtHSnqXPeUrumpjHXjBuJojXbHTvMG","remote_ip":"::1","host":"localhost:5000","method":"POST","uri":"/api/order-item/permanent/all","status":200,"error":"","latency":12074529,"latency_human":"12.074529ms","bytes_in":2,"bytes_out":82}
{"time":"2026-08-21T17:31:23+07:00","id":"CmEmUVynGCqrgfOhPwDjRZMOBHbDeSRZ","remote_ip":"::1","host":"localhost:5000","method":"DELETE","uri":"/api/order-item/permanent/1","status":200,"error":"","latency":8029642,"latency_human":"8.029642ms","bytes_in":2,"bytes_out":77}
{"time":"2026-08-21T17:31:23+07:00","id":"oVJpjJCpiszFVREJWbtOJIixrgVwPdRG","remote_ip":"::1","host":"localhost:5000","method":"POST","uri":"/api/order-item/restore/all","status":200,"error":"","latency":6416161,"latency_human":"6.416161ms","bytes_in":2,"bytes_out":71}
{"level":"error","ts":"2026-08-21T17:31:23.682+0700","caller":"order_item/command.go:177","msg":"Failed to Restore"}
{"time":"2026-08-21T17:31:23+07:00","id":"lkrddLEbnGUTOPTpzPBahLpaOKFoBekZ","remote_ip":"::1","host":"localhost:5000","method":"POST","uri":"/api/order-item/restore/1","status":404,"error":"[NOT_FOUND] order item not found","latency":6600670,"latency_human":"6.60067ms","bytes_in":2,"bytes_out":128}
{"time":"2026-08-21T17:31:23+07:00","id":"vwtZVHUOsEgaYuhulygyZgUSzUNsiAqC","remote_ip":"::1","host":"localhost:5000","method":"POST","uri":"/api/order-item/trash/1","status":200,"error":"","latency":13205902,"latency_human":"13.205902ms","bytes_in":2,"bytes_out":214}
{"level":"debug","ts":"2026-08-21T17:31:23.710+0700","caller":"cache/redis_cache.go:98","msg":"Successfully cached data","cacheKey":"apigw:order_item:trashed:page:1:pageSize:10:search:","expiration":"5m0s"}
{"time":"2026-08-21T17:31:23+07:00","id":"qNbkrjIAnNRwOYnriSOMSGdsEOZtwUEq","remote_ip":"::1","host":"localhost:5000","method":"GET","uri":"/api/order-item/trashed","status":200,"error":"","latency":12758079,"latency_human":"12.758079ms","bytes_in":0,"bytes_out":345}
{"level":"debug","ts":"2026-08-21T17:31:23.745+0700","caller":"cache/redis_cache.go:98","msg":"Successfully cached data","cacheKey":"apigw:order:all:page:1:pageSize:10:search:","expiration":"5m0s"}
{"time":"2026-08-21T17:31:23+07:00","id":"HPZEJPVvBmGorwcMvjWeIZFDMpyZXtlI","remote_ip":"::1","host":"localhost:5000","method":"GET","uri":"/api/order-query","status":200,"error":"","latency":33314893,"latency_human":"33.314893ms","bytes_in":0,"bytes_out":1095}
{"level":"debug","ts":"2026-08-21T17:31:23.765+0700","caller":"cache/redis_cache.go:98","msg":"Successfully cached data","cacheKey":"apigw:order:active:page:1:pageSize:10:search:","expiration":"5m0s"}
{"time":"2026-08-21T17:31:23+07:00","id":"dslYPlubZIgrUTlGRyAMMDxgcOkVfJmn","remote_ip":"::1","host":"localhost:5000","method":"GET","uri":"/api/order-query/active","status":200,"error":"","latency":18596984,"latency_human":"18.596984ms","bytes_in":0,"bytes_out":1214}
{"level":"debug","ts":"2026-08-21T17:31:23.780+0700","caller":"cache/redis_cache.go:98","msg":"Successfully cached data","cacheKey":"apigw:order:trashed:page:1:pageSize:10:search:","expiration":"5m0s"}
{"time":"2026-08-21T17:31:23+07:00","id":"hzUkREBPqNXEuYGaZhgDYnUXvmEJndXx","remote_ip":"::1","host":"localhost:5000","method":"GET","uri":"/api/order-query/trashed","status":200,"error":"","latency":13073527,"latency_human":"13.073527ms","bytes_in":0,"bytes_out":332}
{"time":"2026-08-21T17:31:23+07:00","id":"nPpveQCQOrLwMrZtRTclIEZnurAZBlji","remote_ip":"::1","host":"localhost:5000","method":"GET","uri":"/api/order-query/1","status":404,"error":"[NOT_FOUND] order not found","latency":9706109,"latency_human":"9.706109ms","bytes_in":0,"bytes_out":123}
{"level":"debug","ts":"2026-08-21T17:31:23.848+0700","caller":"cache/redis_cache.go:98","msg":"Successfully cached data","cacheKey":"apigw:order:monthly:order:merchant:0:year:0","expiration":"5m0s"}
{"time":"2026-08-21T17:31:23+07:00","id":"TqzVmohFvBEqwZsSsVMjJjdlPMNlHFpt","remote_ip":"::1","host":"localhost:5000","method":"GET","uri":"/api/order/merchant/monthly-revenue","status":200,"error":"","latency":52194858,"latency_human":"52.194858ms","bytes_in":0,"bytes_out":88}
{"level":"debug","ts":"2026-08-21T17:31:23.879+0700","caller":"cache/redis_cache.go:98","msg":"Successfully cached data","cacheKey":"apigw:order:monthly:totalRevenue:merchant:0:month:0:year:0","expiration":"5m0s"}
{"time":"2026-08-21T17:31:23+07:00","id":"RIpsmPTnuVvDPTxoVkcRIBbUQZdIlcMf","remote_ip":"::1","host":"localhost:5000","method":"GET","uri":"/api/order/merchant/monthly-total-revenue","status":200,"error":"","latency":29089381,"latency_human":"29.089381ms","bytes_in":0,"bytes_out":82}
{"level":"debug","ts":"2026-08-21T17:31:23.917+0700","caller":"cache/redis_cache.go:98","msg":"Successfully cached data","cacheKey":"apigw:order:yearly:order:merchant:0:year:0","expiration":"5m0s"}
{"time":"2026-08-21T17:31:23+07:00","id":"tQanGOQfRwqlVvuhXcisCOCwkdQVTLnk","remote_ip":"::1","host":"localhost:5000","method":"GET","uri":"/api/order/merchant/yearly-revenue","status":200,"error":"","latency":37365389,"latency_human":"37.365389ms","bytes_in":0,"bytes_out":87}
{"level":"debug","ts":"2026-08-21T17:31:24.161+0700","caller":"cache/redis_cache.go:98","msg":"Successfully cached data","cacheKey":"apigw:order:yearly:totalRevenue:merchant:0:year:0","expiration":"5m0s"}
{"time":"2026-08-21T17:31:24+07:00","id":"dArfOqrOmZpYLrZhGAIIBPpoXFpdXJzs","remote_ip":"::1","host":"localhost:5000","method":"GET","uri":"/api/order/merchant/yearly-total-revenue","status":200,"error":"","latency":240995401,"latency_human":"240.995401ms","bytes_in":0,"bytes_out":91}
{"level":"debug","ts":"2026-08-21T17:31:24.196+0700","caller":"cache/redis_cache.go:98","msg":"Successfully cached data","cacheKey":"apigw:order:monthly:order:month:0","expiration":"5m0s"}
{"time":"2026-08-21T17:31:24+07:00","id":"PeXjQQBIYBbdcJRRJXiPxyeBSPXrYxEg","remote_ip":"::1","host":"localhost:5000","method":"GET","uri":"/api/order/monthly-revenue","status":200,"error":"","latency":33609849,"latency_human":"33.609849ms","bytes_in":0,"bytes_out":76}
{"level":"debug","ts":"2026-08-21T17:31:24.234+0700","caller":"cache/redis_cache.go:98","msg":"Successfully cached data","cacheKey":"apigw:order:monthly:totalRevenue:month:0:year:0","expiration":"5m0s"}
{"time":"2026-08-21T17:31:24+07:00","id":"RMBoXtuJHlbjPhXCvRIDXtszmXfthRcj","remote_ip":"::1","host":"localhost:5000","method":"GET","uri":"/api/order/monthly-total-revenue","status":200,"error":"","latency":36995455,"latency_human":"36.995455ms","bytes_in":0,"bytes_out":82}
{"level":"debug","ts":"2026-08-21T17:31:24.447+0700","caller":"cache/redis_cache.go:98","msg":"Successfully cached data","cacheKey":"apigw:order:yearly:order:year:0","expiration":"5m0s"}
{"time":"2026-08-21T17:31:24+07:00","id":"rqUVgqDWwquzTMbKgfkaPHRaKaEFVLpK","remote_ip":"::1","host":"localhost:5000","method":"GET","uri":"/api/order/yearly-revenue","status":200,"error":"","latency":211619378,"latency_human":"211.619378ms","bytes_in":0,"bytes_out":75}
{"level":"debug","ts":"2026-08-21T17:31:24.497+0700","caller":"cache/redis_cache.go:98","msg":"Successfully cached data","cacheKey":"apigw:order:yearly:totalRevenue:year:0","expiration":"5m0s"}
{"time":"2026-08-21T17:31:24+07:00","id":"cHIeLRFnzLtPsauhZcaMVqneoOpwkgfK","remote_ip":"::1","host":"localhost:5000","method":"GET","uri":"/api/order/yearly-total-revenue","status":200,"error":"","latency":45188806,"latency_human":"45.188806ms","bytes_in":0,"bytes_out":91}
{"time":"2026-08-21T17:31:24+07:00","id":"NAxXHZzoBfgGwzYVVxkkzxpquEoxoxfg","remote_ip":"::1","host":"localhost:5000","method":"POST","uri":"/api/product-command/create","status":400,"error":"[] validation failed: invalid create product request","latency":16159007,"latency_human":"16.159007ms","bytes_in":2,"bytes_out":138}
{"level":"info","ts":"2026-08-21T17:31:24.546+0700","caller":"cache/redis_cache.go:208","msg":"Invalidated cache keys","pattern":"apigw:product:*","count":0}
{"time":"2026-08-21T17:31:24+07:00","id":"LZrzewsbnArkkGEDcGsCkRpnfYpNtDep","remote_ip":"::1","host":"localhost:5000","method":"POST","uri":"/api/product-command/permanent/all","status":200,"error":"","latency":28315916,"latency_human":"28.315916ms","bytes_in":2,"bytes_out":79}
{"level":"info","ts":"2026-08-21T17:31:24.571+0700","caller":"cache/redis_cache.go:208","msg":"Invalidated cache keys","pattern":"apigw:product:*","count":0}
{"time":"2026-08-21T17:31:24+07:00","id":"haRFBhFMRKFgxgaZXGvJvdzgqojVnScF","remote_ip":"::1","host":"localhost:5000","method":"DELETE","uri":"/api/product-command/permanent/1","status":200,"error":"","latency":21377155,"latency_human":"21.377155ms","bytes_in":2,"bytes_out":74}
{"level":"info","ts":"2026-08-21T17:31:24.585+0700","caller":"cache/redis_cache.go:208","msg":"Invalidated cache keys","pattern":"apigw:product:*","count":0}
{"time":"2026-08-21T17:31:24+07:00","id":"wBPVaWtRADXHPGajVLgiEjnVlzGwyjqd","remote_ip":"::1","host":"localhost:5000","method":"POST","uri":"/api/product-command/restore/all","status":200,"error":"","latency":10901227,"latency_human":"10.901227ms","bytes_in":2,"bytes_out":68}
{"time":"2026-08-21T17:31:24+07:00","id":"RvMzMrZRlYuVZiDUAsCbuXhEPUFkHtfm","remote_ip":"::1","host":"localhost:5000","method":"POST","uri":"/api/product-command/restore/1","status":404,"error":"[NOT_FOUND] product not found","latency":9863951,"latency_human":"9.863951ms","bytes_in":2,"bytes_out":125}
{"level":"info","ts":"2026-08-21T17:31:24.637+0700","caller":"cache/redis_cache.go:208","msg":"Invalidated cache keys","pattern":"apigw:product:*","count":0}
{"time":"2026-08-21T17:31:24+07:00","id":"RWdtixZGTcibdXrSjCuoeTgTJOTroQim","remote_ip":"::1","host":"localhost:5000","method":"POST","uri":"/api/product-command/trashed/1","status":200,"error":"","latency":32477195,"latency_human":"32.477195ms","bytes_in":2,"bytes_out":451}
{"time":"2026-08-21T17:31:24+07:00","id":"VWZZwCbvuoNAWpRifsirZPwfqbRtnxeX","remote_ip":"::1","host":"localhost:5000","method":"POST","uri":"/api/product-command/update/1","status":400,"error":"[] validation failed: invalid update product request","latency":3794837,"latency_human":"3.794837ms","bytes_in":2,"bytes_out":138}
{"level":"debug","ts":"2026-08-21T17:31:24.679+0700","caller":"cache/redis_cache.go:98","msg":"Successfully cached data","cacheKey":"apigw:product:all:page:1:pageSize:10:search:","expiration":"5m0s"}
{"time":"2026-08-21T17:31:24+07:00","id":"OmvAjLBgPjkFemLSLCDRfMyLLYJmMjYc","remote_ip":"::1","host":"localhost:5000","method":"GET","uri":"/api/product-query","status":200,"error":"","latency":32462981,"latency_human":"32.462981ms","bytes_in":0,"bytes_out":2729}
{"level":"debug","ts":"2026-08-21T17:31:24.746+0700","caller":"cache/redis_cache.go:98","msg":"Successfully cached data","cacheKey":"apigw:product:active:page:1:pageSize:10:search:","expiration":"5m0s"}
{"time":"2026-08-21T17:31:24+07:00","id":"EKZnXyXxjGbgOBbJvoDVSYHSlTOVxHtj","remote_ip":"::1","host":"localhost:5000","method":"GET","uri":"/api/product-query/active","status":200,"error":"","latency":64231655,"latency_human":"64.231655ms","bytes_in":0,"bytes_out":2848}
{"level":"debug","ts":"2026-08-21T17:31:24.830+0700","caller":"cache/redis_cache.go:98","msg":"Successfully cached data","cacheKey":"apigw:product:category:1:page:1:pageSize:10:search:","expiration":"5m0s"}
{"time":"2026-08-21T17:31:24+07:00","id":"TYSKeptnPzyQUgqIjPQkXTQMKVgAZJgB","remote_ip":"::1","host":"localhost:5000","method":"GET","uri":"/api/product-query/category/1","status":200,"error":"","latency":81922319,"latency_human":"81.922319ms","bytes_in":0,"bytes_out":165}
{"level":"debug","ts":"2026-08-21T17:31:24.856+0700","caller":"cache/redis_cache.go:98","msg":"Successfully cached data","cacheKey":"apigw:product:merchant:1:page:1:pageSize:10:search:","expiration":"5m0s"}
{"time":"2026-08-21T17:31:24+07:00","id":"tpWJTNhOwWTYGNqIXoYgZjvVnvhDEjxj","remote_ip":"::1","host":"localhost:5000","method":"GET","uri":"/api/product-query/merchant/1","status":200,"error":"","latency":24388271,"latency_human":"24.388271ms","bytes_in":0,"bytes_out":165}
{"level":"debug","ts":"2026-08-21T17:31:24.889+0700","caller":"cache/redis_cache.go:98","msg":"Successfully cached data","cacheKey":"apigw:product:trashed:page:1:pageSize:10:search:","expiration":"5m0s"}
{"time":"2026-08-21T17:31:24+07:00","id":"zZJdCTFNWcBJnKEMuvIfRPADRrTsiXsF","remote_ip":"::1","host":"localhost:5000","method":"GET","uri":"/api/product-query/trashed","status":200,"error":"","latency":24619089,"latency_human":"24.619089ms","bytes_in":0,"bytes_out":566}
{"time":"2026-08-21T17:31:24+07:00","id":"dRDrthcMklawDsqwpWsfQQbgEytzVvCl","remote_ip":"::1","host":"localhost:5000","method":"GET","uri":"/api/product-query/1","status":404,"error":"[NOT_FOUND] product not found","latency":8588378,"latency_human":"8.588378ms","bytes_in":0,"bytes_out":125}
{"level":"info","ts":"2026-08-21T17:31:24.903+0700","caller":"observability/tracing_metrics.go:105","msg":"Start: CreateReview"}
{"level":"error","ts":"2026-08-21T17:31:24.942+0700","caller":"review/command.go:322","msg":"Review command error in Create","error":"rpc error: code = NotFound desc = product not found","trace.id":"4434fce3ed7841663a75db2654e4dfab"}
{"time":"2026-08-21T17:31:24+07:00","id":"RisOxMFWlavygeOKyleuTVwjlDwkyZnN","remote_ip":"::1","host":"localhost:5000","method":"POST","uri":"/api/review-command/create","status":404,"error":"","latency":39319216,"latency_human":"39.319216ms","bytes_in":2,"bytes_out":125}
{"level":"info","ts":"2026-08-21T17:31:24.944+0700","caller":"observability/tracing_metrics.go:105","msg":"Start: DeleteAllReviewPermanent"}
{"level":"info","ts":"2026-08-21T17:31:24.970+0700","caller":"observability/tracing_metrics.go:122","msg":"Successfully deleted all reviews permanently"}
{"time":"2026-08-21T17:31:24+07:00","id":"AoceizYOQRGzXrYByzoCBBqIIYPVNYJQ","remote_ip":"::1","host":"localhost:5000","method":"POST","uri":"/api/review-command/permanent/all","status":200,"error":"","latency":26633024,"latency_human":"26.633024ms","bytes_in":2,"bytes_out":78}
{"level":"info","ts":"2026-08-21T17:31:24.973+0700","caller":"observability/tracing_metrics.go:105","msg":"Start: DeleteReviewPermanent"}
{"level":"info","ts":"2026-08-21T17:31:25.034+0700","caller":"observability/tracing_metrics.go:122","msg":"Successfully deleted review permanently"}
{"time":"2026-08-21T17:31:25+07:00","id":"MwlMRmRisxhOYvIrRLMPQvoLrhzQtlIx","remote_ip":"::1","host":"localhost:5000","method":"DELETE","uri":"/api/review-command/permanent/1","status":200,"error":"","latency":61349920,"latency_human":"61.34992ms","bytes_in":2,"bytes_out":73}
{"level":"info","ts":"2026-08-21T17:31:25.037+0700","caller":"observability/tracing_metrics.go:105","msg":"Start: RestoreAllReview"}
{"level":"info","ts":"2026-08-21T17:31:25.052+0700","caller":"observability/tracing_metrics.go:122","msg":"Successfully restored all reviews"}
{"time":"2026-08-21T17:31:25+07:00","id":"SxWFkrfQlzwlCmAVgXVskImOXbgRpxIP","remote_ip":"::1","host":"localhost:5000","method":"POST","uri":"/api/review-command/restore/all","status":200,"error":"","latency":15491628,"latency_human":"15.491628ms","bytes_in":2,"bytes_out":67}
{"level":"info","ts":"2026-08-21T17:31:25.054+0700","caller":"observability/tracing_metrics.go:105","msg":"Start: RestoreReview"}
{"level":"error","ts":"2026-08-21T17:31:25.066+0700","caller":"review/command.go:322","msg":"Review command error in Restore","error":"rpc error: code = NotFound desc = review not found","trace.id":"f8dc2f7096c4597509873627f6a0e227"}
{"time":"2026-08-21T17:31:25+07:00","id":"pthMCVjItSFpDFknNDOHZzjLOmmBHkzH","remote_ip":"::1","host":"localhost:5000","method":"POST","uri":"/api/review-command/restore/1","status":404,"error":"","latency":12398758,"latency_human":"12.398758ms","bytes_in":2,"bytes_out":124}
{"level":"info","ts":"2026-08-21T17:31:25.069+0700","caller":"observability/tracing_metrics.go:105","msg":"Start: TrashedReview"}
{"level":"info","ts":"2026-08-21T17:31:25.093+0700","caller":"observability/tracing_metrics.go:122","msg":"Successfully moved review to trash"}
{"time":"2026-08-21T17:31:25+07:00","id":"TMHNFVbVriNITBZLiKZBJUgvwKUTUNBR","remote_ip":"::1","host":"localhost:5000","method":"POST","uri":"/api/review-command/trashed/1","status":200,"error":"","latency":24623162,"latency_human":"24.623162ms","bytes_in":2,"bytes_out":229}
{"time":"2026-08-21T17:31:25+07:00","id":"OPDvmjbXejvnlSHptHgtLLKdqlQNDybe","remote_ip":"::1","host":"localhost:5000","method":"POST","uri":"/api/review-command/update/1","status":400,"error":"code=400, message=Key: 'UpdateReviewRequest.Rating' Error:Field validation for 'Rating' failed on the 'required' tag\nKey: 'UpdateReviewRequest.Comment' Error:Field validation for 'Comment' failed on the 'required' tag","latency":964164,"latency_human":"964.164µs","bytes_in":2,"bytes_out":215}
{"time":"2026-08-21T17:31:25+07:00","id":"HHRQMCIXkEeUIqZJvBUTFtheNqIBtOQT","remote_ip":"::1","host":"localhost:5000","method":"POST","uri":"/api/review-detail-command/create","status":400,"error":"code=400, message=Type is required","latency":221068,"latency_human":"221.068µs","bytes_in":2,"bytes_out":31}
{"level":"info","ts":"2026-08-21T17:31:25.102+0700","caller":"observability/tracing_metrics.go:105","msg":"Start: DeleteAllReviewDetailPermanent"}
{"level":"info","ts":"2026-08-21T17:31:25.131+0700","caller":"observability/tracing_metrics.go:122","msg":"Successfully deleted all review details permanently"}
{"time":"2026-08-21T17:31:25+07:00","id":"oaJNgaMuwSHomlqeREoAgRIEgCQPykVH","remote_ip":"::1","host":"localhost:5000","method":"POST","uri":"/api/review-detail-command/permanent/all","status":200,"error":"","latency":29504789,"latency_human":"29.504789ms","bytes_in":2,"bytes_out":85}
{"level":"info","ts":"2026-08-21T17:31:25.134+0700","caller":"observability/tracing_metrics.go:105","msg":"Start: DeleteReviewDetailPermanent"}
{"level":"error","ts":"2026-08-21T17:31:25.148+0700","caller":"review_detail/command.go:360","msg":"Review detail command error in Delete","error":"rpc error: code = NotFound desc = review detail not found","trace.id":"f13dc6c257a821cf1b35e5e9615ac3a6"}
{"time":"2026-08-21T17:31:25+07:00","id":"DQQqCoojevleJSGwwlDzvDpwvycOqMcB","remote_ip":"::1","host":"localhost:5000","method":"DELETE","uri":"/api/review-detail-command/permanent/1","status":404,"error":"","latency":15853886,"latency_human":"15.853886ms","bytes_in":2,"bytes_out":131}
{"level":"info","ts":"2026-08-21T17:31:25.153+0700","caller":"observability/tracing_metrics.go:105","msg":"Start: RestoreAllReviewDetail"}
{"level":"info","ts":"2026-08-21T17:31:25.162+0700","caller":"observability/tracing_metrics.go:122","msg":"Successfully restored all review details"}
{"time":"2026-08-21T17:31:25+07:00","id":"SroLWjEuUVTbiypPnDUXqZgJJhSfDNpw","remote_ip":"::1","host":"localhost:5000","method":"POST","uri":"/api/review-detail-command/restore/all","status":200,"error":"","latency":9577218,"latency_human":"9.577218ms","bytes_in":2,"bytes_out":74}
{"level":"info","ts":"2026-08-21T17:31:25.165+0700","caller":"observability/tracing_metrics.go:105","msg":"Start: RestoreReviewDetail"}
{"level":"error","ts":"2026-08-21T17:31:25.178+0700","caller":"review_detail/command.go:360","msg":"Review detail command error in Restore","error":"rpc error: code = NotFound desc = review detail not found","trace.id":"bfd009b377b7a5d4240865eb24cc07de"}
{"time":"2026-08-21T17:31:25+07:00","id":"aMuARbWjYSIUbxOlXMRvjipGZNKNPvEJ","remote_ip":"::1","host":"localhost:5000","method":"POST","uri":"/api/review-detail-command/restore/1","status":404,"error":"","latency":13023545,"latency_human":"13.023545ms","bytes_in":2,"bytes_out":131}
{"level":"info","ts":"2026-08-21T17:31:25.180+0700","caller":"observability/tracing_metrics.go:105","msg":"Start: TrashedReviewDetail"}
{"level":"info","ts":"2026-08-21T17:31:25.200+0700","caller":"observability/tracing_metrics.go:122","msg":"Successfully moved review detail to trash"}
{"time":"2026-08-21T17:31:25+07:00","id":"wxgyyVQXULxhXiwOoicCnZoOArOFAMcg","remote_ip":"::1","host":"localhost:5000","method":"POST","uri":"/api/review-detail-command/trashed/1","status":200,"error":"","latency":20380740,"latency_human":"20.38074ms","bytes_in":2,"bytes_out":269}
{"time":"2026-08-21T17:31:25+07:00","id":"iylCNedqCcmnuecyEtRsxvbHVxSAuhDQ","remote_ip":"::1","host":"localhost:5000","method":"POST","uri":"/api/review-detail-command/update/1","status":400,"error":"code=400, message=Type is required","latency":229795,"latency_human":"229.795µs","bytes_in":2,"bytes_out":31}
{"level":"info","ts":"2026-08-21T17:31:25.206+0700","caller":"observability/tracing_metrics.go:105","msg":"Start: FindAllReviewDetails"}
{"level":"debug","ts":"2026-08-21T17:31:25.228+0700","caller":"cache/redis_cache.go:98","msg":"Successfully cached data","cacheKey":"apigw:review_detail:all:page:1:pageSize:10:search:","expiration":"5m0s"}
{"level":"info","ts":"2026-08-21T17:31:25.228+0700","caller":"observability/tracing_metrics.go:122","msg":"Successfully retrieved review details"}
{"time":"2026-08-21T17:31:25+07:00","id":"xfoGxtdjuRjauIiAVbvMLgGaGALOuRZu","remote_ip":"::1","host":"localhost:5000","method":"GET","uri":"/api/review-detail-query","status":200,"error":"","latency":25052782,"latency_human":"25.052782ms","bytes_in":0,"bytes_out":1503}
{"level":"info","ts":"2026-08-21T17:31:25.232+0700","caller":"observability/tracing_metrics.go:105","msg":"Start: FindByActiveReviewDetails"}
{"level":"debug","ts":"2026-08-21T17:31:25.250+0700","caller":"cache/redis_cache.go:98","msg":"Successfully cached data","cacheKey":"apigw:review_detail:active:page:1:pageSize:10:search:","expiration":"5m0s"}
{"level":"info","ts":"2026-08-21T17:31:25.251+0700","caller":"observability/tracing_metrics.go:122","msg":"Successfully retrieved active review details"}
{"time":"2026-08-21T17:31:25+07:00","id":"FgpYVsbBdjbHNPPaIdsTFqrgzUtySooG","remote_ip":"::1","host":"localhost:5000","method":"GET","uri":"/api/review-detail-query/active","status":200,"error":"","latency":20420701,"latency_human":"20.420701ms","bytes_in":0,"bytes_out":1454}
{"level":"info","ts":"2026-08-21T17:31:25.255+0700","caller":"observability/tracing_metrics.go:105","msg":"Start: FindByTrashedReviewDetails"}
{"level":"debug","ts":"2026-08-21T17:31:25.292+0700","caller":"cache/redis_cache.go:98","msg":"Successfully cached data","cacheKey":"apigw:review_detail:trashed:page:1:pageSize:10:search:","expiration":"5m0s"}
{"level":"info","ts":"2026-08-21T17:31:25.292+0700","caller":"observability/tracing_metrics.go:122","msg":"Successfully retrieved trashed review details"}
{"time":"2026-08-21T17:31:25+07:00","id":"ayQsyGGoWbyqLFIZjdRfKEBgQlGkRVvK","remote_ip":"::1","host":"localhost:5000","method":"GET","uri":"/api/review-detail-query/trashed","status":200,"error":"","latency":39161579,"latency_human":"39.161579ms","bytes_in":0,"bytes_out":361}
{"level":"info","ts":"2026-08-21T17:31:25.295+0700","caller":"observability/tracing_metrics.go:105","msg":"Start: FindByIdReviewDetail"}
{"level":"error","ts":"2026-08-21T17:31:25.306+0700","caller":"review_detail/query.go:270","msg":"Review detail query error in FindById","error":"rpc error: code = NotFound desc = review detail not found","trace.id":"b2ec5579f310a7c32cefb40cc0ae9b48"}
{"time":"2026-08-21T17:31:25+07:00","id":"iTvZoBtCICjnMMZhmlsnUjZeKnAYEMos","remote_ip":"::1","host":"localhost:5000","method":"GET","uri":"/api/review-detail-query/1","status":404,"error":"","latency":13096087,"latency_human":"13.096087ms","bytes_in":0,"bytes_out":131}
{"level":"info","ts":"2026-08-21T17:31:25.313+0700","caller":"observability/tracing_metrics.go:105","msg":"Start: FindAllReviews"}
{"level":"debug","ts":"2026-08-21T17:31:25.372+0700","caller":"cache/redis_cache.go:98","msg":"Successfully cached data","cacheKey":"apigw:review:all:page:1:pageSize:10:search:","expiration":"5m0s"}
{"level":"info","ts":"2026-08-21T17:31:25.373+0700","caller":"observability/tracing_metrics.go:122","msg":"Successfully retrieved reviews"}
{"time":"2026-08-21T17:31:25+07:00","id":"ZwkkPmilOKmwHviTQvwTKukWycUninUS","remote_ip":"::1","host":"localhost:5000","method":"GET","uri":"/api/review-query","status":200,"error":"","latency":62479261,"latency_human":"62.479261ms","bytes_in":0,"bytes_out":1178}
{"level":"info","ts":"2026-08-21T17:31:25.377+0700","caller":"observability/tracing_metrics.go:105","msg":"Start: FindByActiveReviews"}
{"level":"debug","ts":"2026-08-21T17:31:25.387+0700","caller":"cache/redis_cache.go:98","msg":"Successfully cached data","cacheKey":"apigw:review:active:page:1:pageSize:10:search:","expiration":"5m0s"}
{"level":"info","ts":"2026-08-21T17:31:25.387+0700","caller":"observability/tracing_metrics.go:122","msg":"Successfully retrieved active reviews"}
{"time":"2026-08-21T17:31:25+07:00","id":"luWeiiWatksfZCUnalqyhKSIPrrGihWI","remote_ip":"::1","host":"localhost:5000","method":"GET","uri":"/api/review-query/active","status":200,"error":"","latency":12296478,"latency_human":"12.296478ms","bytes_in":0,"bytes_out":1297}
{"level":"info","ts":"2026-08-21T17:31:25.390+0700","caller":"observability/tracing_metrics.go:105","msg":"Start: FindByMerchantReviews"}
{"level":"debug","ts":"2026-08-21T17:31:25.460+0700","caller":"cache/redis_cache.go:98","msg":"Successfully cached data","cacheKey":"apigw:review:merchant:1:page:1:pageSize:10:search:","expiration":"5m0s"}
{"level":"info","ts":"2026-08-21T17:31:25.460+0700","caller":"observability/tracing_metrics.go:122","msg":"Successfully retrieved reviews for merchant"}
{"time":"2026-08-21T17:31:25+07:00","id":"rIylJwVADaiMIVtlBuvmlOCAPkmQZUKF","remote_ip":"::1","host":"localhost:5000","method":"GET","uri":"/api/review-query/merchant/1","status":200,"error":"","latency":71957177,"latency_human":"71.957177ms","bytes_in":0,"bytes_out":163}
{"level":"info","ts":"2026-08-21T17:31:25.464+0700","caller":"observability/tracing_metrics.go:105","msg":"Start: FindByProductReviews"}
{"level":"info","ts":"2026-08-21T17:31:25.485+0700","caller":"observability/tracing_metrics.go:122","msg":"Successfully retrieved reviews for product"}
{"time":"2026-08-21T17:31:25+07:00","id":"VfcyMZkaYhjjdhhPLeSnyVMIVbXfOOmI","remote_ip":"::1","host":"localhost:5000","method":"GET","uri":"/api/review-query/product/1","status":200,"error":"","latency":21597495,"latency_human":"21.597495ms","bytes_in":0,"bytes_out":162}
{"level":"info","ts":"2026-08-21T17:31:25.489+0700","caller":"observability/tracing_metrics.go:105","msg":"Start: FindByTrashedReviews"}
{"level":"debug","ts":"2026-08-21T17:31:25.518+0700","caller":"cache/redis_cache.go:98","msg":"Successfully cached data","cacheKey":"apigw:review:trashed:page:1:pageSize:10:search:","expiration":"5m0s"}
{"level":"info","ts":"2026-08-21T17:31:25.519+0700","caller":"observability/tracing_metrics.go:122","msg":"Successfully retrieved trashed reviews"}
{"time":"2026-08-21T17:31:25+07:00","id":"rYacXYlKqyFkxGoPzcEZsNhVFeTXzuLt","remote_ip":"::1","host":"localhost:5000","method":"GET","uri":"/api/review-query/trashed","status":200,"error":"","latency":30879672,"latency_human":"30.879672ms","bytes_in":0,"bytes_out":321}
{"level":"debug","ts":"2026-08-21T17:31:25.567+0700","caller":"cache/redis_cache.go:98","msg":"Successfully cached data","cacheKey":"apigw:user_roles:11","expiration":"5m0s"}
{"time":"2026-08-21T17:31:25+07:00","id":"pRddVeBiatDeUzPNIyIFIzeGtRXGDVKh","remote_ip":"::1","host":"localhost:5000","method":"POST","uri":"/api/role-command/create","status":400,"error":"[] validation failed: invalid create Role request","latency":50414057,"latency_human":"50.414057ms","bytes_in":2,"bytes_out":135}
{"time":"2026-08-21T17:31:25+07:00","id":"NOSGpburjWSmXqrPAiXQKuiMgiipoIuW","remote_ip":"::1","host":"localhost:5000","method":"DELETE","uri":"/api/role-command/permanent/all","status":400,"error":"[BAD_REQUEST] id is required","latency":1416025,"latency_human":"1.416025ms","bytes_in":2,"bytes_out":124}
{"time":"2026-08-21T17:31:25+07:00","id":"MtyVmSFDyJOycoSQKwRlJzMEuNEdcBjU","remote_ip":"::1","host":"localhost:5000","method":"DELETE","uri":"/api/role-command/permanent/1","status":200,"error":"","latency":7726599,"latency_human":"7.726599ms","bytes_in":2,"bytes_out":71}
{"time":"2026-08-21T17:31:25+07:00","id":"UguyVJBVyOhDYYpTDTBidtjrDWTBRxtv","remote_ip":"::1","host":"localhost:5000","method":"POST","uri":"/api/role-command/restore/all","status":200,"error":"","latency":6370840,"latency_human":"6.37084ms","bytes_in":2,"bytes_out":65}
{"time":"2026-08-21T17:31:25+07:00","id":"QBwuuzdbTipBpxYHHUkSZeVtvDbsbDMk","remote_ip":"::1","host":"localhost:5000","method":"PUT","uri":"/api/role-command/restore/1","status":405,"error":"code=405, message=Method Not Allowed","latency":184500,"latency_human":"184.5µs","bytes_in":2,"bytes_out":33}
{"time":"2026-08-21T17:31:25+07:00","id":"pkvOZRqlYeytmmgmFbKaemkqtaRnQkVi","remote_ip":"::1","host":"localhost:5000","method":"POST","uri":"/api/role-command/trashed/1","status":200,"error":"","latency":13444745,"latency_human":"13.444745ms","bytes_in":2,"bytes_out":173}
{"time":"2026-08-21T17:31:25+07:00","id":"cguiUFXKtutALeOERCdidQydjNTTtiCZ","remote_ip":"::1","host":"localhost:5000","method":"POST","uri":"/api/role-command/update/1","status":400,"error":"[] validation failed: invalid update Role request","latency":5710350,"latency_human":"5.71035ms","bytes_in":2,"bytes_out":135}
{"level":"debug","ts":"2026-08-21T17:31:25.639+0700","caller":"cache/redis_cache.go:98","msg":"Successfully cached data","cacheKey":"apigw:role:all:page:1:pageSize:10:search:","expiration":"5m0s"}
{"time":"2026-08-21T17:31:25+07:00","id":"RpEvbiGmMFXItQqgjkOkBWaQNNfYALES","remote_ip":"::1","host":"localhost:5000","method":"GET","uri":"/api/role-query","status":200,"error":"","latency":21173136,"latency_human":"21.173136ms","bytes_in":0,"bytes_out":785}
{"level":"debug","ts":"2026-08-21T17:31:25.657+0700","caller":"cache/redis_cache.go:98","msg":"Successfully cached data","cacheKey":"apigw:role:active:page:1:pageSize:10:search:","expiration":"5m0s"}
{"time":"2026-08-21T17:31:25+07:00","id":"ffivUmJkeOMSwZKGpfAjpoZgNxePFjTz","remote_ip":"::1","host":"localhost:5000","method":"GET","uri":"/api/role-query/active","status":200,"error":"","latency":16930079,"latency_human":"16.930079ms","bytes_in":0,"bytes_out":758}
{"level":"debug","ts":"2026-08-21T17:31:25.675+0700","caller":"cache/redis_cache.go:98","msg":"Successfully cached data","cacheKey":"apigw:role:trashed:page:1:pageSize:10:search:","expiration":"5m0s"}
{"time":"2026-08-21T17:31:25+07:00","id":"QAvRahNPxWOJCPRTvXzUGNqvETKYaoEi","remote_ip":"::1","host":"localhost:5000","method":"GET","uri":"/api/role-query/trashed","status":200,"error":"","latency":16754401,"latency_human":"16.754401ms","bytes_in":0,"bytes_out":304}
{"level":"debug","ts":"2026-08-21T17:31:25.690+0700","caller":"cache/redis_cache.go:98","msg":"Successfully cached data","cacheKey":"apigw:role:user_id:1","expiration":"5m0s"}
{"time":"2026-08-21T17:31:25+07:00","id":"xfOVIsPTqHCTXBgldpSzVzxeteSZmAAt","remote_ip":"::1","host":"localhost:5000","method":"GET","uri":"/api/role-query/user/1","status":200,"error":"","latency":11334710,"latency_human":"11.33471ms","bytes_in":0,"bytes_out":82}
{"level":"debug","ts":"2026-08-21T17:31:25.702+0700","caller":"cache/redis_cache.go:98","msg":"Successfully cached data","cacheKey":"apigw:role:id:1","expiration":"5m0s"}
{"time":"2026-08-21T17:31:25+07:00","id":"qXIcZGARKvwjbErhrBJBiTmRnqAJDnmO","remote_ip":"::1","host":"localhost:5000","method":"GET","uri":"/api/role-query/1","status":200,"error":"","latency":9067742,"latency_human":"9.067742ms","bytes_in":0,"bytes_out":173}
{"time":"2026-08-21T17:31:25+07:00","id":"zKeMmrfsxUIrqjUiEkpPLQzqRgvLvizd","remote_ip":"::1","host":"localhost:5000","method":"POST","uri":"/api/shipping-address-command/permanent/all","status":200,"error":"","latency":21520259,"latency_human":"21.520259ms","bytes_in":2,"bytes_out":89}
{"time":"2026-08-21T17:31:25+07:00","id":"EWqsodpWTaRSlUbxJARVcUQDRbYGHVbQ","remote_ip":"::1","host":"localhost:5000","method":"DELETE","uri":"/api/shipping-address-command/permanent/1","status":200,"error":"","latency":9560408,"latency_human":"9.560408ms","bytes_in":2,"bytes_out":83}
{"time":"2026-08-21T17:31:25+07:00","id":"eiDcErAcTPEuvXdmbvTyZgqQfZtliDnR","remote_ip":"::1","host":"localhost:5000","method":"POST","uri":"/api/shipping-address-command/restore/all","status":200,"error":"","latency":5021071,"latency_human":"5.021071ms","bytes_in":2,"bytes_out":78}
{"level":"error","ts":"2026-08-21T17:31:25.752+0700","caller":"shipping_address/command.go:171","msg":"Failed to Restore","error":"rpc error: code = NotFound desc = shipping address not found"}
{"time":"2026-08-21T17:31:25+07:00","id":"qDHSLktCnqRsXuhijOYSiXXqTanOXvcg","remote_ip":"::1","host":"localhost:5000","method":"POST","uri":"/api/shipping-address-command/restore/1","status":404,"error":"[NOT_FOUND] shipping address not found","latency":6397196,"latency_human":"6.397196ms","bytes_in":2,"bytes_out":134}
{"time":"2026-08-21T17:31:25+07:00","id":"MKIhnKFnWEktKItSYkzJVvfYycYnupHi","remote_ip":"::1","host":"localhost:5000","method":"POST","uri":"/api/shipping-address-command/trashed/1","status":200,"error":"","latency":12196124,"latency_human":"12.196124ms","bytes_in":2,"bytes_out":322}
{"level":"debug","ts":"2026-08-21T17:31:25.795+0700","caller":"cache/redis_cache.go:98","msg":"Successfully cached data","cacheKey":"apigw:shipping_address:all:page:1:pageSize:10:search:","expiration":"5m0s"}
{"time":"2026-08-21T17:31:25+07:00","id":"lyRCFKCtcCYqzASFHkoRXCxNjlTLaNBE","remote_ip":"::1","host":"localhost:5000","method":"GET","uri":"/api/shipping-address-query","status":200,"error":"","latency":26316015,"latency_human":"26.316015ms","bytes_in":0,"bytes_out":1717}
{"level":"debug","ts":"2026-08-21T17:31:25.814+0700","caller":"cache/redis_cache.go:98","msg":"Successfully cached data","cacheKey":"apigw:shipping_address:active:page:1:pageSize:10:search:","expiration":"5m0s"}
{"time":"2026-08-21T17:31:25+07:00","id":"rxqLMLLydyHgRAqDIzlvektBmMFbIvAa","remote_ip":"::1","host":"localhost:5000","method":"GET","uri":"/api/shipping-address-query/active","status":200,"error":"","latency":17581079,"latency_human":"17.581079ms","bytes_in":0,"bytes_out":1850}
{"level":"error","ts":"2026-08-21T17:31:25.824+0700","caller":"shipping_address/query.go:270","msg":"Failed to FindByOrder","error":"rpc error: code = NotFound desc = failed to find shipping address by order ID"}
{"time":"2026-08-21T17:31:25+07:00","id":"kqMBpphwftxmUlUhbjbIlFAUhrreGDEB","remote_ip":"::1","host":"localhost:5000","method":"GET","uri":"/api/shipping-address-query/order/1","status":404,"error":"[NOT_FOUND] failed to find shipping address by order ID","latency":8036240,"latency_human":"8.03624ms","bytes_in":0,"bytes_out":151}
{"level":"debug","ts":"2026-08-21T17:31:25.839+0700","caller":"cache/redis_cache.go:98","msg":"Successfully cached data","cacheKey":"apigw:shipping_address:trashed:page:1:pageSize:10:search:","expiration":"5m0s"}
{"time":"2026-08-21T17:31:25+07:00","id":"GrivmKkQSOVnhJlPTkBHYFHoXwgTHkfc","remote_ip":"::1","host":"localhost:5000","method":"GET","uri":"/api/shipping-address-query/trashed","status":200,"error":"","latency":14078989,"latency_human":"14.078989ms","bytes_in":0,"bytes_out":415}
{"level":"error","ts":"2026-08-21T17:31:25.852+0700","caller":"shipping_address/query.go:270","msg":"Failed to FindById","error":"rpc error: code = NotFound desc = failed to find shipping address by ID"}
{"time":"2026-08-21T17:31:25+07:00","id":"VhxhHGittAhMxePGMYbGzYufvezVHMcs","remote_ip":"::1","host":"localhost:5000","method":"GET","uri":"/api/shipping-address-query/1","status":404,"error":"[NOT_FOUND] failed to find shipping address by ID","latency":9936816,"latency_human":"9.936816ms","bytes_in":0,"bytes_out":145}
{"time":"2026-08-21T17:31:25+07:00","id":"IwJeJsEYuLfmxNIRDjJpxNbBaPphNxlA","remote_ip":"::1","host":"localhost:5000","method":"POST","uri":"/api/slider-command/create","status":400,"error":"code=400, message=Name is required","latency":352319,"latency_human":"352.319µs","bytes_in":2,"bytes_out":31}
{"time":"2026-08-21T17:31:25+07:00","id":"miZMZBvVlTQbWhsArwpNkFvOuvudsRYu","remote_ip":"::1","host":"localhost:5000","method":"POST","uri":"/api/slider-command/permanent/all","status":200,"error":"","latency":18057496,"latency_human":"18.057496ms","bytes_in":2,"bytes_out":78}
{"time":"2026-08-21T17:31:25+07:00","id":"EwvdvgINrVPeNkRDLsIqgqbwTHuHXzlI","remote_ip":"::1","host":"localhost:5000","method":"DELETE","uri":"/api/slider-command/permanent/1","status":200,"error":"","latency":9114874,"latency_human":"9.114874ms","bytes_in":2,"bytes_out":73}
{"time":"2026-08-21T17:31:25+07:00","id":"HeSXpHmGKtpmjCsnwncFyWyvGNWHinjV","remote_ip":"::1","host":"localhost:5000","method":"POST","uri":"/api/slider-command/restore/all","status":200,"error":"","latency":4558210,"latency_human":"4.55821ms","bytes_in":2,"bytes_out":67}
{"level":"error","ts":"2026-08-21T17:31:25.899+0700","caller":"slider/command.go:279","msg":"Failed to Restore","error":"rpc error: code = NotFound desc = slider not found"}
{"time":"2026-08-21T17:31:25+07:00","id":"rnYPJPfhxRdzWbDhoaHuxalaQHBpOXbN","remote_ip":"::1","host":"localhost:5000","method":"POST","uri":"/api/slider-command/restore/1","status":404,"error":"[NOT_FOUND] slider not found","latency":6676407,"latency_human":"6.676407ms","bytes_in":2,"bytes_out":124}
{"time":"2026-08-21T17:31:25+07:00","id":"laePWurDDDljjHxGFwNHcsgBCqCWUgVU","remote_ip":"::1","host":"localhost:5000","method":"POST","uri":"/api/slider-command/trashed/1","status":200,"error":"","latency":11046089,"latency_human":"11.046089ms","bytes_in":2,"bytes_out":204}
{"time":"2026-08-21T17:31:25+07:00","id":"aZLjGtQgSmCGZJgIimovhbyTFnghFRch","remote_ip":"::1","host":"localhost:5000","method":"POST","uri":"/api/slider-command/update/1","status":400,"error":"code=400, message=Name is required","latency":390682,"latency_human":"390.682µs","bytes_in":2,"bytes_out":31}
{"level":"debug","ts":"2026-08-21T17:31:25.938+0700","caller":"cache/redis_cache.go:98","msg":"Successfully cached data","cacheKey":"apigw:slider:all:page:1:pageSize:10:search:","expiration":"5m0s"}
{"time":"2026-08-21T17:31:25+07:00","id":"kJlODpGfxadaXpBrGhfPYMgUzatBvwse","remote_ip":"::1","host":"localhost:5000","method":"GET","uri":"/api/slider-query","status":200,"error":"","latency":21641225,"latency_human":"21.641225ms","bytes_in":0,"bytes_out":1137}
{"level":"debug","ts":"2026-08-21T17:31:25.951+0700","caller":"cache/redis_cache.go:98","msg":"Successfully cached data","cacheKey":"apigw:slider:active:page:1:pageSize:10:search:","expiration":"5m0s"}
{"time":"2026-08-21T17:31:25+07:00","id":"cPjqWaxnUtSSggNRVONQyVHgVQXBXgqv","remote_ip":"::1","host":"localhost:5000","method":"GET","uri":"/api/slider-query/active","status":200,"error":"","latency":12152363,"latency_human":"12.152363ms","bytes_in":0,"bytes_out":1306}
{"level":"debug","ts":"2026-08-21T17:31:25.969+0700","caller":"cache/redis_cache.go:98","msg":"Successfully cached data","cacheKey":"apigw:slider:trashed:page:1:pageSize:10:search:","expiration":"5m0s"}
{"time":"2026-08-21T17:31:25+07:00","id":"wgOHcqJPVvTRIUUusUMTTRDIEdsOzOFE","remote_ip":"::1","host":"localhost:5000","method":"GET","uri":"/api/slider-query/trashed","status":200,"error":"","latency":16245465,"latency_human":"16.245465ms","bytes_in":0,"bytes_out":303}
{"level":"error","ts":"2026-08-21T17:31:25.979+0700","caller":"slider/query.go:234","msg":"Failed to FindById","error":"rpc error: code = NotFound desc = failed to find slider by ID"}
{"time":"2026-08-21T17:31:25+07:00","id":"NrLtyPfRLjOQVeojsAbzoKzUZcsaeiSC","remote_ip":"::1","host":"localhost:5000","method":"GET","uri":"/api/slider-query/1","status":404,"error":"[NOT_FOUND] failed to find slider by ID","latency":8119772,"latency_human":"8.119772ms","bytes_in":0,"bytes_out":135}
{"level":"info","ts":"2026-08-21T17:31:25.982+0700","caller":"observability/tracing_metrics.go:105","msg":"Start: CreateTransaction"}
{"level":"error","ts":"2026-08-21T17:31:26.003+0700","caller":"errors/api_errors.go:71","msg":"API error in CreateTransaction","error":"[] Invalid User ID","trace.id":"6cdb39786b59c1ec26abf77764acdf7e","path":"/api/transaction-command/create","method":"POST"}
{"time":"2026-08-21T17:31:26+07:00","id":"woNlTcNgadKhzmuRfdcCQIxwkpkeNDoQ","remote_ip":"::1","host":"localhost:5000","method":"POST","uri":"/api/transaction-command/create","status":404,"error":"","latency":22089166,"latency_human":"22.089166ms","bytes_in":2,"bytes_out":104}
{"level":"info","ts":"2026-08-21T17:31:26.006+0700","caller":"observability/tracing_metrics.go:105","msg":"Start: DeleteAllTransactionPermanent"}
{"level":"info","ts":"2026-08-21T17:31:26.030+0700","caller":"cache/redis_cache.go:208","msg":"Invalidated cache keys","pattern":"apigw:transaction:*","count":0}
{"level":"info","ts":"2026-08-21T17:31:26.031+0700","caller":"observability/tracing_metrics.go:122","msg":"Request completed successfully"}
{"time":"2026-08-21T17:31:26+07:00","id":"BEstuqnPqKkdQCGVVilZTZrUPBTZkihW","remote_ip":"::1","host":"localhost:5000","method":"POST","uri":"/api/transaction-command/permanent/all","status":200,"error":"","latency":25084934,"latency_human":"25.084934ms","bytes_in":2,"bytes_out":83}
{"level":"info","ts":"2026-08-21T17:31:26.034+0700","caller":"observability/tracing_metrics.go:105","msg":"Start: DeleteTransactionPermanent"}
{"level":"info","ts":"2026-08-21T17:31:26.053+0700","caller":"cache/redis_cache.go:208","msg":"Invalidated cache keys","pattern":"apigw:transaction:*","count":0}
{"level":"info","ts":"2026-08-21T17:31:26.055+0700","caller":"observability/tracing_metrics.go:122","msg":"Request completed successfully"}
{"time":"2026-08-21T17:31:26+07:00","id":"SyPwJohCqQXMsdqvOfYhHNXNwviyvOvR","remote_ip":"::1","host":"localhost:5000","method":"DELETE","uri":"/api/transaction-command/permanent/1","status":200,"error":"","latency":22132648,"latency_human":"22.132648ms","bytes_in":2,"bytes_out":78}
{"level":"info","ts":"2026-08-21T17:31:26.059+0700","caller":"observability/tracing_metrics.go:105","msg":"Start: RestoreAllTransaction"}
{"level":"info","ts":"2026-08-21T17:31:26.068+0700","caller":"cache/redis_cache.go:208","msg":"Invalidated cache keys","pattern":"apigw:transaction:*","count":0}
{"level":"info","ts":"2026-08-21T17:31:26.069+0700","caller":"observability/tracing_metrics.go:122","msg":"Request completed successfully"}
{"time":"2026-08-21T17:31:26+07:00","id":"fDhcdIbESlIKCmZCjPEqEyzZqdUqHYGL","remote_ip":"::1","host":"localhost:5000","method":"POST","uri":"/api/transaction-command/restore/all","status":200,"error":"","latency":10771704,"latency_human":"10.771704ms","bytes_in":2,"bytes_out":72}
{"level":"info","ts":"2026-08-21T17:31:26.071+0700","caller":"observability/tracing_metrics.go:105","msg":"Start: RestoreTransaction"}
{"level":"error","ts":"2026-08-21T17:31:26.085+0700","caller":"errors/api_errors.go:71","msg":"API error in RestoreTransaction","error":"[NOT_FOUND] transaction not found","trace.id":"af51b5cca037680bb6fd096c08ecca99","path":"/api/transaction-command/restore/1","method":"POST"}
{"time":"2026-08-21T17:31:26+07:00","id":"euGShvjmAEKMOTsqErIcIEXSWgKgzWip","remote_ip":"::1","host":"localhost:5000","method":"POST","uri":"/api/transaction-command/restore/1","status":404,"error":"","latency":14511760,"latency_human":"14.51176ms","bytes_in":2,"bytes_out":129}
{"level":"info","ts":"2026-08-21T17:31:26.090+0700","caller":"observability/tracing_metrics.go:105","msg":"Start: TrashedTransaction"}
{"level":"info","ts":"2026-08-21T17:31:26.109+0700","caller":"cache/redis_cache.go:208","msg":"Invalidated cache keys","pattern":"apigw:transaction:*","count":0}
{"level":"info","ts":"2026-08-21T17:31:26.111+0700","caller":"observability/tracing_metrics.go:122","msg":"Request completed successfully"}
{"time":"2026-08-21T17:31:26+07:00","id":"wvPkJEfNOTIjozQQHFasbWIkGBxYXSNJ","remote_ip":"::1","host":"localhost:5000","method":"POST","uri":"/api/transaction-command/trashed/1","status":200,"error":"","latency":21788463,"latency_human":"21.788463ms","bytes_in":2,"bytes_out":290}
{"level":"info","ts":"2026-08-21T17:31:26.114+0700","caller":"observability/tracing_metrics.go:105","msg":"Start: UpdateTransaction"}
{"level":"error","ts":"2026-08-21T17:31:26.122+0700","caller":"errors/api_errors.go:71","msg":"API error in UpdateTransaction","error":"[NOT_FOUND] transaction not found","trace.id":"38b45b0a92bc6b9a7f857f75eefd3306","path":"/api/transaction-command/update/1","method":"POST"}
{"time":"2026-08-21T17:31:26+07:00","id":"QlZXnkadTylJwxxPHQPKeSseEfxLepQY","remote_ip":"::1","host":"localhost:5000","method":"POST","uri":"/api/transaction-command/update/1","status":404,"error":"","latency":9701763,"latency_human":"9.701763ms","bytes_in":2,"bytes_out":129}
{"level":"info","ts":"2026-08-21T17:31:26.126+0700","caller":"observability/tracing_metrics.go:105","msg":"Start: FindAllTransactions"}
{"level":"debug","ts":"2026-08-21T17:31:26.165+0700","caller":"cache/redis_cache.go:98","msg":"Successfully cached data","cacheKey":"apigw:transaction:all:page:1:pageSize:10:search:","expiration":"5m0s"}
{"level":"info","ts":"2026-08-21T17:31:26.166+0700","caller":"observability/tracing_metrics.go:122","msg":"Request completed successfully"}
{"time":"2026-08-21T17:31:26+07:00","id":"kZYIVcxmvkPuJVkgLwYOtyILTVSofJip","remote_ip":"::1","host":"localhost:5000","method":"GET","uri":"/api/transaction-query","status":200,"error":"","latency":40713211,"latency_human":"40.713211ms","bytes_in":0,"bytes_out":1422}
{"level":"info","ts":"2026-08-21T17:31:26.169+0700","caller":"observability/tracing_metrics.go:105","msg":"Start: FindByActive"}
{"level":"debug","ts":"2026-08-21T17:31:26.186+0700","caller":"cache/redis_cache.go:98","msg":"Successfully cached data","cacheKey":"apigw:transaction:active:page:1:pageSize:10:search:","expiration":"5m0s"}
{"level":"info","ts":"2026-08-21T17:31:26.187+0700","caller":"observability/tracing_metrics.go:122","msg":"Request completed successfully"}
{"time":"2026-08-21T17:31:26+07:00","id":"OaPiwnpLCYZOsBMOnXQjZRNRcljVPNCs","remote_ip":"::1","host":"localhost:5000","method":"GET","uri":"/api/transaction-query/active","status":200,"error":"","latency":18423497,"latency_human":"18.423497ms","bytes_in":0,"bytes_out":1429}
{"level":"info","ts":"2026-08-21T17:31:26.191+0700","caller":"observability/tracing_metrics.go:105","msg":"Start: FindByMerchant"}
{"level":"debug","ts":"2026-08-21T17:31:26.222+0700","caller":"cache/redis_cache.go:98","msg":"Successfully cached data","cacheKey":"apigw:transaction:merchant:1:page:1:pageSize:10:search:","expiration":"5m0s"}
{"level":"info","ts":"2026-08-21T17:31:26.222+0700","caller":"observability/tracing_metrics.go:122","msg":"Request completed successfully"}
{"time":"2026-08-21T17:31:26+07:00","id":"hrBQQHEhBXcMwVSlizysbaKPpJBZssju","remote_ip":"::1","host":"localhost:5000","method":"GET","uri":"/api/transaction-query/merchant/1","status":200,"error":"","latency":31531706,"latency_human":"31.531706ms","bytes_in":0,"bytes_out":172}
{"level":"info","ts":"2026-08-21T17:31:26.227+0700","caller":"observability/tracing_metrics.go:105","msg":"Start: FindByTrashed"}
{"level":"debug","ts":"2026-08-21T17:31:26.309+0700","caller":"cache/redis_cache.go:98","msg":"Successfully cached data","cacheKey":"apigw:transaction:trashed:page:1:pageSize:10:search:","expiration":"5m0s"}
{"level":"info","ts":"2026-08-21T17:31:26.309+0700","caller":"observability/tracing_metrics.go:122","msg":"Request completed successfully"}
{"time":"2026-08-21T17:31:26+07:00","id":"FANsmhmizlwyCYaNbhIUfgpZHnwCjwFE","remote_ip":"::1","host":"localhost:5000","method":"GET","uri":"/api/transaction-query/trashed","status":200,"error":"","latency":82675866,"latency_human":"82.675866ms","bytes_in":0,"bytes_out":382}
{"level":"info","ts":"2026-08-21T17:31:26.316+0700","caller":"observability/tracing_metrics.go:105","msg":"Start: FindById"}
{"level":"error","ts":"2026-08-21T17:31:26.342+0700","caller":"errors/api_errors.go:71","msg":"API error in FindById","error":"[NOT_FOUND] transaction not found","trace.id":"b34ce4df2ea38789a17699ab0789ccd6","path":"/api/transaction-query/1","method":"GET"}
{"time":"2026-08-21T17:31:26+07:00","id":"TgMvXXJHOIGaCdgDOELWwVPTgnOWkDKc","remote_ip":"::1","host":"localhost:5000","method":"GET","uri":"/api/transaction-query/1","status":404,"error":"","latency":26282360,"latency_human":"26.28236ms","bytes_in":0,"bytes_out":129}
{"level":"info","ts":"2026-08-21T17:31:26.344+0700","caller":"observability/tracing_metrics.go:105","msg":"Start: GetMonthlyAmountFailedByMerchant"}
{"level":"debug","ts":"2026-08-21T17:31:26.398+0700","caller":"cache/redis_cache.go:98","msg":"Successfully cached data","cacheKey":"apigw:transaction:month:amount:failed:merchant:0:month:0:year:0","expiration":"5m0s"}
{"level":"info","ts":"2026-08-21T17:31:26.399+0700","caller":"observability/tracing_metrics.go:122","msg":"Request completed successfully"}
{"time":"2026-08-21T17:31:26+07:00","id":"DmObTwQuDcKmISvjLaJplViQhljnsDHn","remote_ip":"::1","host":"localhost:5000","method":"GET","uri":"/api/transaction-stats/merchant/monthly-failed","status":200,"error":"","latency":55713083,"latency_human":"55.713083ms","bytes_in":0,"bytes_out":106}
{"level":"info","ts":"2026-08-21T17:31:26.404+0700","caller":"observability/tracing_metrics.go:105","msg":"Start: GetMonthlyTransactionMethodByMerchantFailed"}
{"level":"debug","ts":"2026-08-21T17:31:26.514+0700","caller":"cache/redis_cache.go:98","msg":"Successfully cached data","cacheKey":"apigw:transaction:month:method:failed:merchant:0:month:0:year:0","expiration":"5m0s"}
{"level":"info","ts":"2026-08-21T17:31:26.514+0700","caller":"observability/tracing_metrics.go:122","msg":"Request completed successfully"}
{"time":"2026-08-21T17:31:26+07:00","id":"PGdHmOsIbQhBmFiMmocIISeWbrqEowoP","remote_ip":"::1","host":"localhost:5000","method":"GET","uri":"/api/transaction-stats/merchant/monthly-method-failed","status":200,"error":"","latency":110618649,"latency_human":"110.618649ms","bytes_in":0,"bytes_out":118}
{"level":"info","ts":"2026-08-21T17:31:26.518+0700","caller":"observability/tracing_metrics.go:105","msg":"Start: GetMonthlyTransactionMethodByMerchantSuccess"}
{"level":"debug","ts":"2026-08-21T17:31:26.610+0700","caller":"cache/redis_cache.go:98","msg":"Successfully cached data","cacheKey":"apigw:transaction:month:method:success:merchant:0:month:0:year:0","expiration":"5m0s"}
{"level":"info","ts":"2026-08-21T17:31:26.611+0700","caller":"observability/tracing_metrics.go:122","msg":"Request completed successfully"}
{"time":"2026-08-21T17:31:26+07:00","id":"pLszrpiwIVrnshdDugDuIXerLfQatHUv","remote_ip":"::1","host":"localhost:5000","method":"GET","uri":"/api/transaction-stats/merchant/monthly-method-success","status":200,"error":"","latency":93324220,"latency_human":"93.32422ms","bytes_in":0,"bytes_out":119}
{"level":"info","ts":"2026-08-21T17:31:26.621+0700","caller":"observability/tracing_metrics.go:105","msg":"Start: GetMonthlyAmountSuccessByMerchant"}
{"level":"debug","ts":"2026-08-21T17:31:26.848+0700","caller":"cache/redis_cache.go:98","msg":"Successfully cached data","cacheKey":"apigw:transaction:month:amount:success:merchant:0:month:0:year:0","expiration":"5m0s"}
{"level":"info","ts":"2026-08-21T17:31:26.849+0700","caller":"observability/tracing_metrics.go:122","msg":"Request completed successfully"}
{"time":"2026-08-21T17:31:26+07:00","id":"FVthVDFLdlNTdKRGYCBJRBwDpIGjHfyI","remote_ip":"::1","host":"localhost:5000","method":"GET","uri":"/api/transaction-stats/merchant/monthly-success","status":200,"error":"","latency":227884454,"latency_human":"227.884454ms","bytes_in":0,"bytes_out":107}
{"level":"info","ts":"2026-08-21T17:31:26.851+0700","caller":"observability/tracing_metrics.go:105","msg":"Start: GetYearlyAmountFailedByMerchant"}
{"level":"debug","ts":"2026-08-21T17:31:26.885+0700","caller":"cache/redis_cache.go:98","msg":"Successfully cached data","cacheKey":"apigw:transaction:year:amount:failed:merchant:0:year:0","expiration":"5m0s"}
{"level":"info","ts":"2026-08-21T17:31:26.885+0700","caller":"observability/tracing_metrics.go:122","msg":"Request completed successfully"}
{"time":"2026-08-21T17:31:26+07:00","id":"WjwtVyEmEhPWLsyaaLPzCoJHqpvicMoi","remote_ip":"::1","host":"localhost:5000","method":"GET","uri":"/api/transaction-stats/merchant/yearly-failed","status":200,"error":"","latency":34687933,"latency_human":"34.687933ms","bytes_in":0,"bytes_out":105}
{"level":"info","ts":"2026-08-21T17:31:26.888+0700","caller":"observability/tracing_metrics.go:105","msg":"Start: GetYearlyTransactionMethodByMerchantFailed"}
{"level":"debug","ts":"2026-08-21T17:31:26.955+0700","caller":"cache/redis_cache.go:98","msg":"Successfully cached data","cacheKey":"apigw:transaction:year:method:failed:merchant:0:year:0","expiration":"5m0s"}
{"level":"info","ts":"2026-08-21T17:31:26.956+0700","caller":"observability/tracing_metrics.go:122","msg":"Request completed successfully"}
{"time":"2026-08-21T17:31:26+07:00","id":"OoDrRNZlPbHxTaKpgrWKUkJFCsTIQxdp","remote_ip":"::1","host":"localhost:5000","method":"GET","uri":"/api/transaction-stats/merchant/yearly-method-failed","status":200,"error":"","latency":68348899,"latency_human":"68.348899ms","bytes_in":0,"bytes_out":117}
{"level":"info","ts":"2026-08-21T17:31:26.958+0700","caller":"observability/tracing_metrics.go:105","msg":"Start: GetYearlyTransactionMethodByMerchantSuccess"}
{"level":"debug","ts":"2026-08-21T17:31:27.003+0700","caller":"cache/redis_cache.go:98","msg":"Successfully cached data","cacheKey":"apigw:transaction:year:method:success:merchant:0:year:0","expiration":"5m0s"}
{"level":"info","ts":"2026-08-21T17:31:27.004+0700","caller":"observability/tracing_metrics.go:122","msg":"Request completed successfully"}
{"time":"2026-08-21T17:31:27+07:00","id":"tvLUeFrIvNapNPGuWlGDiqQNrPsciCea","remote_ip":"::1","host":"localhost:5000","method":"GET","uri":"/api/transaction-stats/merchant/yearly-method-success","status":200,"error":"","latency":47229858,"latency_human":"47.229858ms","bytes_in":0,"bytes_out":118}
{"level":"info","ts":"2026-08-21T17:31:27.006+0700","caller":"observability/tracing_metrics.go:105","msg":"Start: GetYearlyAmountSuccessByMerchant"}
{"level":"debug","ts":"2026-08-21T17:31:27.053+0700","caller":"cache/redis_cache.go:98","msg":"Successfully cached data","cacheKey":"apigw:transaction:year:amount:success:merchant:0:year:0","expiration":"5m0s"}
{"level":"info","ts":"2026-08-21T17:31:27.054+0700","caller":"observability/tracing_metrics.go:122","msg":"Request completed successfully"}
{"time":"2026-08-21T17:31:27+07:00","id":"DjKUZkORTMZRlunZQeaJnapalVJNkpXG","remote_ip":"::1","host":"localhost:5000","method":"GET","uri":"/api/transaction-stats/merchant/yearly-success","status":200,"error":"","latency":47537909,"latency_human":"47.537909ms","bytes_in":0,"bytes_out":106}
{"level":"info","ts":"2026-08-21T17:31:27.056+0700","caller":"observability/tracing_metrics.go:105","msg":"Start: GetMonthlyAmountFailed"}
{"level":"debug","ts":"2026-08-21T17:31:27.101+0700","caller":"cache/redis_cache.go:98","msg":"Successfully cached data","cacheKey":"apigw:transaction:month:amount:failed:month:0:year:0","expiration":"5m0s"}
{"level":"info","ts":"2026-08-21T17:31:27.102+0700","caller":"observability/tracing_metrics.go:122","msg":"Request completed successfully"}
{"time":"2026-08-21T17:31:27+07:00","id":"dMIWemCbXUlddIfGLGqOkIgMllNjXChr","remote_ip":"::1","host":"localhost:5000","method":"GET","uri":"/api/transaction-stats/monthly-failed","status":200,"error":"","latency":47625178,"latency_human":"47.625178ms","bytes_in":0,"bytes_out":94}
{"level":"info","ts":"2026-08-21T17:31:27.105+0700","caller":"observability/tracing_metrics.go:105","msg":"Start: GetMonthlyTransactionMethodFailed"}
{"level":"debug","ts":"2026-08-21T17:31:27.153+0700","caller":"cache/redis_cache.go:98","msg":"Successfully cached data","cacheKey":"apigw:transaction:month:method:failed:month:0:year:0","expiration":"5m0s"}
{"level":"info","ts":"2026-08-21T17:31:27.154+0700","caller":"observability/tracing_metrics.go:122","msg":"Request completed successfully"}
{"time":"2026-08-21T17:31:27+07:00","id":"flvlFEgUpDfDsptgOgLZiHJrGawsgKam","remote_ip":"::1","host":"localhost:5000","method":"GET","uri":"/api/transaction-stats/monthly-method-failed","status":200,"error":"","latency":50248240,"latency_human":"50.24824ms","bytes_in":0,"bytes_out":106}
{"level":"info","ts":"2026-08-21T17:31:27.160+0700","caller":"observability/tracing_metrics.go:105","msg":"Start: GetMonthlyTransactionMethodSuccess"}
{"level":"debug","ts":"2026-08-21T17:31:27.212+0700","caller":"cache/redis_cache.go:98","msg":"Successfully cached data","cacheKey":"apigw:transaction:month:method:success:month:0:year:0","expiration":"5m0s"}
{"level":"info","ts":"2026-08-21T17:31:27.212+0700","caller":"observability/tracing_metrics.go:122","msg":"Request completed successfully"}
{"time":"2026-08-21T17:31:27+07:00","id":"QIbGrLVdCeaDQlvyWkKMRyXFqrXuZVcR","remote_ip":"::1","host":"localhost:5000","method":"GET","uri":"/api/transaction-stats/monthly-method-success","status":200,"error":"","latency":53028325,"latency_human":"53.028325ms","bytes_in":0,"bytes_out":107}
{"level":"info","ts":"2026-08-21T17:31:27.217+0700","caller":"observability/tracing_metrics.go:105","msg":"Start: GetMonthlyAmountSuccess"}
{"level":"debug","ts":"2026-08-21T17:31:27.276+0700","caller":"cache/redis_cache.go:98","msg":"Successfully cached data","cacheKey":"apigw:transaction:month:amount:success:month:0:year:0","expiration":"5m0s"}
{"level":"info","ts":"2026-08-21T17:31:27.276+0700","caller":"observability/tracing_metrics.go:122","msg":"Request completed successfully"}
{"time":"2026-08-21T17:31:27+07:00","id":"JEUPOIttzvFYOKibFXPFNHRfrseDkFda","remote_ip":"::1","host":"localhost:5000","method":"GET","uri":"/api/transaction-stats/monthly-success","status":200,"error":"","latency":59718736,"latency_human":"59.718736ms","bytes_in":0,"bytes_out":95}
{"level":"info","ts":"2026-08-21T17:31:27.280+0700","caller":"observability/tracing_metrics.go:105","msg":"Start: GetYearlyAmountFailed"}
{"level":"debug","ts":"2026-08-21T17:31:27.413+0700","caller":"cache/redis_cache.go:98","msg":"Successfully cached data","cacheKey":"apigw:transaction:year:amount:failed:year:0","expiration":"5m0s"}
{"level":"info","ts":"2026-08-21T17:31:27.413+0700","caller":"observability/tracing_metrics.go:122","msg":"Request completed successfully"}
{"time":"2026-08-21T17:31:27+07:00","id":"ghVNLMHSaaaAfaZZAUeHNewzMXRCleKn","remote_ip":"::1","host":"localhost:5000","method":"GET","uri":"/api/transaction-stats/yearly-failed","status":200,"error":"","latency":133627962,"latency_human":"133.627962ms","bytes_in":0,"bytes_out":93}
{"level":"info","ts":"2026-08-21T17:31:27.416+0700","caller":"observability/tracing_metrics.go:105","msg":"Start: GetYearlyTransactionMethodFailed"}
{"level":"debug","ts":"2026-08-21T17:31:27.609+0700","caller":"cache/redis_cache.go:98","msg":"Successfully cached data","cacheKey":"apigw:transaction:year:method:failed:year:0","expiration":"5m0s"}
{"level":"info","ts":"2026-08-21T17:31:27.611+0700","caller":"observability/tracing_metrics.go:122","msg":"Request completed successfully"}
{"time":"2026-08-21T17:31:27+07:00","id":"WylMjYrcZnWWSFlMjoxOpAoIesIRlVBU","remote_ip":"::1","host":"localhost:5000","method":"GET","uri":"/api/transaction-stats/yearly-method-failed","status":200,"error":"","latency":196856147,"latency_human":"196.856147ms","bytes_in":0,"bytes_out":105}
{"level":"info","ts":"2026-08-21T17:31:27.617+0700","caller":"observability/tracing_metrics.go:105","msg":"Start: GetYearlyTransactionMethodSuccess"}
{"level":"debug","ts":"2026-08-21T17:31:27.688+0700","caller":"cache/redis_cache.go:98","msg":"Successfully cached data","cacheKey":"apigw:transaction:year:method:success:year:0","expiration":"5m0s"}
{"level":"info","ts":"2026-08-21T17:31:27.689+0700","caller":"observability/tracing_metrics.go:122","msg":"Request completed successfully"}
{"time":"2026-08-21T17:31:27+07:00","id":"MfwWVekkUIQVZSjCZbXzJVEHHKfnHzGz","remote_ip":"::1","host":"localhost:5000","method":"GET","uri":"/api/transaction-stats/yearly-method-success","status":200,"error":"","latency":72104280,"latency_human":"72.10428ms","bytes_in":0,"bytes_out":106}
{"level":"info","ts":"2026-08-21T17:31:27.695+0700","caller":"observability/tracing_metrics.go:105","msg":"Start: GetYearlyAmountSuccess"}
{"level":"debug","ts":"2026-08-21T17:31:27.793+0700","caller":"cache/redis_cache.go:98","msg":"Successfully cached data","cacheKey":"apigw:transaction:year:amount:success:year:0","expiration":"5m0s"}
{"level":"info","ts":"2026-08-21T17:31:27.794+0700","caller":"observability/tracing_metrics.go:122","msg":"Request completed successfully"}
{"time":"2026-08-21T17:31:27+07:00","id":"ObIsgWkNmNBRBREuLSwseRBuwaUzsgab","remote_ip":"::1","host":"localhost:5000","method":"GET","uri":"/api/transaction-stats/yearly-success","status":200,"error":"","latency":100301126,"latency_human":"100.301126ms","bytes_in":0,"bytes_out":94}
{"level":"info","ts":"2026-08-21T17:31:27.797+0700","caller":"observability/tracing_metrics.go:105","msg":"Start: create-user"}
{"level":"error","ts":"2026-08-21T17:31:27.798+0700","caller":"errors/api_errors.go:71","msg":"API error in create-user","error":"[BAD_REQUEST] Validation failed","trace.id":"f9c073c14f5eb06c09b82cc73c994496","path":"/api/user-command/create","method":"POST"}
{"time":"2026-08-21T17:31:27+07:00","id":"TTmCdZKCyexkJxIJAUJpmKjPObMCMtXX","remote_ip":"::1","host":"localhost:5000","method":"POST","uri":"/api/user-command/create","status":400,"error":"","latency":2151371,"latency_human":"2.151371ms","bytes_in":2,"bytes_out":428}
{"level":"info","ts":"2026-08-21T17:31:27.801+0700","caller":"observability/tracing_metrics.go:105","msg":"Start: delete-all-users-permanent"}
{"level":"debug","ts":"2026-08-21T17:31:27.842+0700","caller":"user/command.go:338","msg":"Successfully deleted all user permanently"}
{"level":"info","ts":"2026-08-21T17:31:27.842+0700","caller":"observability/tracing_metrics.go:122","msg":"Request completed successfully"}
{"time":"2026-08-21T17:31:27+07:00","id":"IsuWfkAuGTRifjPbTvZKqpADGUstlqgX","remote_ip":"::1","host":"localhost:5000","method":"POST","uri":"/api/user-command/permanent/all","status":200,"error":"","latency":41971206,"latency_human":"41.971206ms","bytes_in":2,"bytes_out":76}
{"level":"info","ts":"2026-08-21T17:31:27.845+0700","caller":"observability/tracing_metrics.go:105","msg":"Start: delete-user-permanent"}
{"level":"info","ts":"2026-08-21T17:31:27.856+0700","caller":"observability/tracing_metrics.go:122","msg":"Request completed successfully"}
{"time":"2026-08-21T17:31:27+07:00","id":"tRAxCqkGFjtSfxfPVxjRcVbrwaYLnPVU","remote_ip":"::1","host":"localhost:5000","method":"DELETE","uri":"/api/user-command/permanent/1","status":200,"error":"","latency":11863562,"latency_human":"11.863562ms","bytes_in":2,"bytes_out":71}
{"level":"info","ts":"2026-08-21T17:31:27.858+0700","caller":"observability/tracing_metrics.go:105","msg":"Start: restore-all-users"}
{"level":"debug","ts":"2026-08-21T17:31:27.881+0700","caller":"user/command.go:312","msg":"Successfully restored all user"}
{"level":"info","ts":"2026-08-21T17:31:27.882+0700","caller":"observability/tracing_metrics.go:122","msg":"Request completed successfully"}
{"time":"2026-08-21T17:31:27+07:00","id":"WxcnBnQKFgXaJFUCPxdclPaPrFmbSIKm","remote_ip":"::1","host":"localhost:5000","method":"POST","uri":"/api/user-command/restore/all","status":200,"error":"","latency":24125576,"latency_human":"24.125576ms","bytes_in":2,"bytes_out":65}
{"level":"info","ts":"2026-08-21T17:31:27.884+0700","caller":"observability/tracing_metrics.go:105","msg":"Start: restore-user"}
{"level":"error","ts":"2026-08-21T17:31:27.936+0700","caller":"errors/api_errors.go:71","msg":"API error in restore-user","error":"[NOT_FOUND] User not found","trace.id":"64bb9ad5389a15c227cc2f5d40113dab","path":"/api/user-command/restore/1","method":"POST"}
{"time":"2026-08-21T17:31:27+07:00","id":"nGcShTCeqpQmlbEEKJBXfYJpSHqfcCWf","remote_ip":"::1","host":"localhost:5000","method":"POST","uri":"/api/user-command/restore/1","status":404,"error":"","latency":53149118,"latency_human":"53.149118ms","bytes_in":2,"bytes_out":122}
{"time":"2026-08-21T17:31:27+07:00","id":"nCKxnrTHJUTLDZTVipgRiVvTLhhmakue","remote_ip":"::1","host":"localhost:5000","method":"GET","uri":"/api/user-command/trashed/1","status":405,"error":"code=405, message=Method Not Allowed","latency":289847,"latency_human":"289.847µs","bytes_in":0,"bytes_out":33}
{"level":"info","ts":"2026-08-21T17:31:27.943+0700","caller":"observability/tracing_metrics.go:105","msg":"Start: update-user"}
{"level":"error","ts":"2026-08-21T17:31:27.945+0700","caller":"errors/api_errors.go:71","msg":"API error in update-user","error":"[BAD_REQUEST] Validation failed","trace.id":"0a692e52049418d096113d089fd9b1e4","path":"/api/user-command/update/1","method":"POST"}
{"time":"2026-08-21T17:31:27+07:00","id":"xVaDXydzcnRsmbiAmeZVoprfVsSjPKND","remote_ip":"::1","host":"localhost:5000","method":"POST","uri":"/api/user-command/update/1","status":400,"error":"","latency":2890940,"latency_human":"2.89094ms","bytes_in":2,"bytes_out":428}
{"level":"info","ts":"2026-08-21T17:31:27.948+0700","caller":"observability/tracing_metrics.go:105","msg":"Start: find-all-users"}
{"level":"debug","ts":"2026-08-21T17:31:28.052+0700","caller":"cache/redis_cache.go:98","msg":"Successfully cached data","cacheKey":"apigw:user:all:page:1:pageSize:10:search:","expiration":"5m0s"}
{"level":"info","ts":"2026-08-21T17:31:28.053+0700","caller":"observability/tracing_metrics.go:122","msg":"Request completed successfully"}
{"time":"2026-08-21T17:31:28+07:00","id":"RahLBvYCOdzyruKuXcXcEGWcLwSpztAF","remote_ip":"::1","host":"localhost:5000","method":"GET","uri":"/api/user-query","status":200,"error":"","latency":107275061,"latency_human":"107.275061ms","bytes_in":0,"bytes_out":1241}
{"level":"info","ts":"2026-08-21T17:31:28.063+0700","caller":"observability/tracing_metrics.go:105","msg":"Start: find-active-users"}
{"level":"debug","ts":"2026-08-21T17:31:28.078+0700","caller":"cache/redis_cache.go:98","msg":"Successfully cached data","cacheKey":"apigw:user:active:page:1:pageSize:10:search:","expiration":"5m0s"}
{"level":"info","ts":"2026-08-21T17:31:28.079+0700","caller":"observability/tracing_metrics.go:122","msg":"Request completed successfully"}
{"time":"2026-08-21T17:31:28+07:00","id":"HhOwIoKWmLZEBBjypYxkZmKiYQnioUMg","remote_ip":"::1","host":"localhost:5000","method":"GET","uri":"/api/user-query/active","status":200,"error":"","latency":17488358,"latency_human":"17.488358ms","bytes_in":0,"bytes_out":1464}
{"level":"info","ts":"2026-08-21T17:31:28.093+0700","caller":"observability/tracing_metrics.go:105","msg":"Start: find-trashed-users"}
{"level":"debug","ts":"2026-08-21T17:31:28.111+0700","caller":"cache/redis_cache.go:98","msg":"Successfully cached data","cacheKey":"apigw:user:trashed:page:1:pageSize:10:search:","expiration":"5m0s"}
{"level":"info","ts":"2026-08-21T17:31:28.112+0700","caller":"observability/tracing_metrics.go:122","msg":"Request completed successfully"}
{"time":"2026-08-21T17:31:28+07:00","id":"FuEVehUtpjfDjgnBTvQoPybXvDhUSUXx","remote_ip":"::1","host":"localhost:5000","method":"GET","uri":"/api/user-query/trashed","status":200,"error":"","latency":19730432,"latency_human":"19.730432ms","bytes_in":0,"bytes_out":161}
{"level":"info","ts":"2026-08-21T17:31:28.114+0700","caller":"observability/tracing_metrics.go:105","msg":"Start: find-user-by-id"}
{"level":"debug","ts":"2026-08-21T17:31:28.132+0700","caller":"cache/redis_cache.go:98","msg":"Successfully cached data","cacheKey":"apigw:user:id:1","expiration":"5m0s"}
{"level":"info","ts":"2026-08-21T17:31:28.133+0700","caller":"observability/tracing_metrics.go:122","msg":"Request completed successfully"}
{"time":"2026-08-21T17:31:28+07:00","id":"JottkTSTKdFgmcPRRRDSRDHDlwJNtdnG","remote_ip":"::1","host":"localhost:5000","method":"GET","uri":"/api/user-query/1","status":200,"error":"","latency":19482403,"latency_human":"19.482403ms","bytes_in":0,"bytes_out":250}
{"time":"2026-08-21T17:31:30+07:00","id":"OorgppbtjmrlcZCqMscsKKCDedxVhntv","remote_ip":"::1","host":"localhost:5000","method":"GET","uri":"/api/auth/hello","status":200,"error":"","latency":53785,"latency_human":"53.785µs","bytes_in":0,"bytes_out":5}
{"level":"info","ts":"2026-08-21T17:31:30.242+0700","caller":"observability/tracing_metrics.go:105","msg":"Start: register"}
{"level":"info","ts":"2026-08-21T17:31:30.636+0700","caller":"observability/tracing_metrics.go:122","msg":"Request completed successfully"}
{"time":"2026-08-21T17:31:30+07:00","id":"MjaHqYkQHlKbfpcMqzYFrHXZHWXdQAaU","remote_ip":"::1","host":"localhost:5000","method":"POST","uri":"/api/auth/register","status":201,"error":"","latency":395402479,"latency_human":"395.402479ms","bytes_in":169,"bytes_out":244}
{"level":"info","ts":"2026-08-21T17:31:30.640+0700","caller":"observability/tracing_metrics.go:105","msg":"Start: login"}
{"level":"debug","ts":"2026-08-21T17:31:30.985+0700","caller":"cache/redis_cache.go:98","msg":"Successfully cached data","cacheKey":"apigw:auth:login:hurl.auth.1787308277@example.com","expiration":"5m0s"}
{"level":"info","ts":"2026-08-21T17:31:30.986+0700","caller":"observability/tracing_metrics.go:122","msg":"Request completed successfully"}
{"time":"2026-08-21T17:31:30+07:00","id":"wkrNBXKjpwvPKrGMIgIhZKQcpiQxLLHc","remote_ip":"::1","host":"localhost:5000","method":"POST","uri":"/api/auth/login","status":200,"error":"","latency":346249036,"latency_human":"346.249036ms","bytes_in":82,"bytes_out":389}
{"level":"info","ts":"2026-08-21T17:31:30.988+0700","caller":"observability/tracing_metrics.go:105","msg":"Start: GetMe"}
{"level":"debug","ts":"2026-08-21T17:31:31.004+0700","caller":"cache/redis_cache.go:98","msg":"Successfully cached data","cacheKey":"apigw:auth:user_info:12","expiration":"5m0s"}
{"level":"info","ts":"2026-08-21T17:31:31.004+0700","caller":"observability/tracing_metrics.go:122","msg":"Request completed successfully"}
{"time":"2026-08-21T17:31:31+07:00","id":"EpImqobEkGHwOUEbMKgzcYYDazBaswBh","remote_ip":"::1","host":"localhost:5000","method":"GET","uri":"/api/auth/me","status":200,"error":"","latency":17083899,"latency_human":"17.083899ms","bytes_in":0,"bytes_out":240}
{"level":"info","ts":"2026-08-21T17:31:31.006+0700","caller":"observability/tracing_metrics.go:105","msg":"Start: refresh-token"}
{"level":"debug","ts":"2026-08-21T17:31:31.042+0700","caller":"cache/redis_cache.go:98","msg":"Successfully cached data","cacheKey":"apigw:auth:refresh_token:eyJhbGciOiJIUzI1NiIsInR5cCI6IkpXVCJ9.eyJzdWIiOiIxMiIsImF1ZCI6WyJyZWZyZXNoIl0sImV4cCI6MTc4NzM1MTQ5MH0.WUl-IBBn2T-gJtQPq2EE2LhBY7ucq1O2lyIdEZ6HTGk","expiration":"5m0s"}
{"level":"info","ts":"2026-08-21T17:31:31.043+0700","caller":"observability/tracing_metrics.go:122","msg":"Request completed successfully"}
{"time":"2026-08-21T17:31:31+07:00","id":"YSBiFEhBbdTMofCBMdQMflcvetDkGkOx","remote_ip":"::1","host":"localhost:5000","method":"POST","uri":"/api/auth/refresh-token","status":200,"error":"","latency":38790510,"latency_human":"38.79051ms","bytes_in":171,"bytes_out":392}
{"level":"info","ts":"2026-08-21T17:31:33.134+0700","caller":"observability/tracing_metrics.go:105","msg":"Start: register"}
{"level":"info","ts":"2026-08-21T17:31:33.657+0700","caller":"observability/tracing_metrics.go:122","msg":"Request completed successfully"}
{"time":"2026-08-21T17:31:33+07:00","id":"sqjzIjzFxRalgaVEAXHnSjbaGejtBWDo","remote_ip":"::1","host":"localhost:5000","method":"POST","uri":"/api/auth/register","status":201,"error":"","latency":523591981,"latency_human":"523.591981ms","bytes_in":174,"bytes_out":249}
{"level":"info","ts":"2026-08-21T17:31:33.659+0700","caller":"observability/tracing_metrics.go:105","msg":"Start: login"}
{"level":"debug","ts":"2026-08-21T17:31:34.287+0700","caller":"cache/redis_cache.go:98","msg":"Successfully cached data","cacheKey":"apigw:auth:login:hurl.banner.1787308277@example.com","expiration":"5m0s"}
{"level":"info","ts":"2026-08-21T17:31:34.288+0700","caller":"observability/tracing_metrics.go:122","msg":"Request completed successfully"}
{"time":"2026-08-21T17:31:34+07:00","id":"FQBmZXcROrzBUZneuhUQzEyJLJMfoYix","remote_ip":"::1","host":"localhost:5000","method":"POST","uri":"/api/auth/login","status":200,"error":"","latency":629190176,"latency_human":"629.190176ms","bytes_in":84,"bytes_out":389}
{"level":"info","ts":"2026-08-21T17:31:34.294+0700","caller":"observability/tracing_metrics.go:105","msg":"Start: CreateBanner"}
{"level":"info","ts":"2026-08-21T17:31:34.310+0700","caller":"observability/tracing_metrics.go:122","msg":"Banner created successfully"}
{"time":"2026-08-21T17:31:34+07:00","id":"rUodfDWmShVmAzvsaQsnJapLeafsabwR","remote_ip":"::1","host":"localhost:5000","method":"POST","uri":"/api/banner-command/create","status":200,"error":"","latency":15973745,"latency_human":"15.973745ms","bytes_in":207,"bytes_out":324}
{"level":"info","ts":"2026-08-21T17:31:34.312+0700","caller":"observability/tracing_metrics.go:105","msg":"Start: FindAll"}
{"level":"info","ts":"2026-08-21T17:31:34.314+0700","caller":"observability/tracing_metrics.go:122","msg":"Serving from cache"}
{"time":"2026-08-21T17:31:34+07:00","id":"fYjCHkoPotqmxxcIvVkAKzRCZREzwAsb","remote_ip":"::1","host":"localhost:5000","method":"GET","uri":"/api/banner-query?page=1&page_size=10","status":200,"error":"","latency":2787937,"latency_human":"2.787937ms","bytes_in":0,"bytes_out":1899}
{"level":"info","ts":"2026-08-21T17:31:34.317+0700","caller":"observability/tracing_metrics.go:105","msg":"Start: FindByActive"}
{"level":"info","ts":"2026-08-21T17:31:34.319+0700","caller":"observability/tracing_metrics.go:122","msg":"Serving from cache"}
{"time":"2026-08-21T17:31:34+07:00","id":"JQRaRxKAJcZyBZBSOrPQdKdoAHIAzkPn","remote_ip":"::1","host":"localhost:5000","method":"GET","uri":"/api/banner-query/active?page=1&page_size=10","status":200,"error":"","latency":1945196,"latency_human":"1.945196ms","bytes_in":0,"bytes_out":1800}
{"level":"info","ts":"2026-08-21T17:31:34.321+0700","caller":"observability/tracing_metrics.go:105","msg":"Start: FindById"}
{"level":"debug","ts":"2026-08-21T17:31:34.338+0700","caller":"cache/redis_cache.go:98","msg":"Successfully cached data","cacheKey":"apigw:banner:id:9","expiration":"5m0s"}
{"level":"info","ts":"2026-08-21T17:31:34.338+0700","caller":"observability/tracing_metrics.go:122","msg":"Request completed successfully"}
{"time":"2026-08-21T17:31:34+07:00","id":"LbibgUWlVgKLkrVTlMXzmPyuZSGFgfbX","remote_ip":"::1","host":"localhost:5000","method":"GET","uri":"/api/banner-query/9","status":200,"error":"","latency":23684345,"latency_human":"23.684345ms","bytes_in":0,"bytes_out":324}
{"level":"info","ts":"2026-08-21T17:31:34.349+0700","caller":"observability/tracing_metrics.go:105","msg":"Start: UpdateBanner"}
{"level":"info","ts":"2026-08-21T17:31:34.413+0700","caller":"observability/tracing_metrics.go:122","msg":"Banner updated successfully"}
{"time":"2026-08-21T17:31:34+07:00","id":"SqVtYVNyxrhXXmrYUnRYKlhDLrtQJuqU","remote_ip":"::1","host":"localhost:5000","method":"POST","uri":"/api/banner-command/update/9","status":200,"error":"","latency":65198051,"latency_human":"65.198051ms","bytes_in":200,"bytes_out":297}
{"level":"info","ts":"2026-08-21T17:31:34.416+0700","caller":"observability/tracing_metrics.go:105","msg":"Start: TrashBanner"}
{"level":"info","ts":"2026-08-21T17:31:34.438+0700","caller":"observability/tracing_metrics.go:122","msg":"Banner moved to trash"}
{"time":"2026-08-21T17:31:34+07:00","id":"TVaTxRfgiNXDMMaKsHlcJmkhVICdVLeu","remote_ip":"::1","host":"localhost:5000","method":"POST","uri":"/api/banner-command/trashed/9","status":200,"error":"","latency":23470646,"latency_human":"23.470646ms","bytes_in":0,"bytes_out":336}
{"level":"info","ts":"2026-08-21T17:31:34.442+0700","caller":"observability/tracing_metrics.go:105","msg":"Start: FindByTrashed"}
{"level":"info","ts":"2026-08-21T17:31:34.444+0700","caller":"observability/tracing_metrics.go:122","msg":"Serving from cache"}
{"time":"2026-08-21T17:31:34+07:00","id":"xizokSdBTdwOUnCNPvevzzJVTFJOXYAW","remote_ip":"::1","host":"localhost:5000","method":"GET","uri":"/api/banner-query/trashed?page=1&page_size=10","status":200,"error":"","latency":2460081,"latency_human":"2.460081ms","bytes_in":0,"bytes_out":417}
{"level":"info","ts":"2026-08-21T17:31:34.447+0700","caller":"observability/tracing_metrics.go:105","msg":"Start: RestoreBanner"}
{"level":"info","ts":"2026-08-21T17:31:34.469+0700","caller":"observability/tracing_metrics.go:122","msg":"Banner restored successfully"}
{"time":"2026-08-21T17:31:34+07:00","id":"suDiLRWbDWlUKYSJZruuvCrQWUpWXwAf","remote_ip":"::1","host":"localhost:5000","method":"POST","uri":"/api/banner-command/restore/9","status":200,"error":"","latency":22068291,"latency_human":"22.068291ms","bytes_in":0,"bytes_out":314}
{"level":"info","ts":"2026-08-21T17:31:36.560+0700","caller":"observability/tracing_metrics.go:105","msg":"Start: register"}
{"level":"info","ts":"2026-08-21T17:31:36.934+0700","caller":"observability/tracing_metrics.go:122","msg":"Request completed successfully"}
{"time":"2026-08-21T17:31:36+07:00","id":"gFTOzAaGoNmBEXQwpuGsWNyoPffNgbEy","remote_ip":"::1","host":"localhost:5000","method":"POST","uri":"/api/auth/register","status":201,"error":"","latency":374754004,"latency_human":"374.754004ms","bytes_in":170,"bytes_out":245}
{"level":"info","ts":"2026-08-21T17:31:36.936+0700","caller":"observability/tracing_metrics.go:105","msg":"Start: login"}
{"level":"debug","ts":"2026-08-21T17:31:37.320+0700","caller":"cache/redis_cache.go:98","msg":"Successfully cached data","cacheKey":"apigw:auth:login:hurl.cart.1787308277@example.com","expiration":"5m0s"}
{"level":"info","ts":"2026-08-21T17:31:37.321+0700","caller":"observability/tracing_metrics.go:122","msg":"Request completed successfully"}
{"time":"2026-08-21T17:31:37+07:00","id":"CIbRQurjTNhuaJRiGDQlfweEOCzVXfzx","remote_ip":"::1","host":"localhost:5000","method":"POST","uri":"/api/auth/login","status":200,"error":"","latency":386709991,"latency_human":"386.709991ms","bytes_in":82,"bytes_out":389}
{"level":"debug","ts":"2026-08-21T17:31:37.360+0700","caller":"upload_image/upload.go:119","msg":"Successfully saved uploaded file","path":"uploads/category/1787308297360206666.png","size":70,"is_document":false}
{"time":"2026-08-21T17:31:37+07:00","id":"BuVCscXNlXkcUzRYoNECqQBQUsyPjatI","remote_ip":"::1","host":"localhost:5000","method":"POST","uri":"/api/category-command/create","status":201,"error":"","latency":31759668,"latency_human":"31.759668ms","bytes_in":678,"bytes_out":327}
{"time":"2026-08-21T17:31:37+07:00","id":"JfRAkuxhmCHGddkwPlBSgzevGwqFMizk","remote_ip":"::1","host":"localhost:5000","method":"POST","uri":"/api/merchant-command/create","status":201,"error":"","latency":82934781,"latency_human":"82.934781ms","bytes_in":260,"bytes_out":365}
{"level":"debug","ts":"2026-08-21T17:31:37.492+0700","caller":"upload_image/upload.go:119","msg":"Successfully saved uploaded file","path":"uploads/products/1787308297491668917.png","size":70,"is_document":false}
{"level":"info","ts":"2026-08-21T17:31:37.627+0700","caller":"cache/redis_cache.go:208","msg":"Invalidated cache keys","pattern":"apigw:product:*","count":5}
{"time":"2026-08-21T17:31:37+07:00","id":"HghWmKQlTkBAVCuUuvUWsOqLjFCroXFH","remote_ip":"::1","host":"localhost:5000","method":"POST","uri":"/api/product-command/create","status":201,"error":"","latency":138461663,"latency_human":"138.461663ms","bytes_in":1419,"bytes_out":429}
{"level":"info","ts":"2026-08-21T17:31:37.691+0700","caller":"cache/redis_cache.go:208","msg":"Invalidated cache keys","pattern":"apigw:cart:all:user:14:*","count":0}
{"time":"2026-08-21T17:31:37+07:00","id":"AzRabLJCxKFvUlvYZWEimzTOZDenmeXJ","remote_ip":"::1","host":"localhost:5000","method":"POST","uri":"/api/cart-command/create","status":201,"error":"","latency":61563845,"latency_human":"61.563845ms","bytes_in":61,"bytes_out":273}
{"level":"debug","ts":"2026-08-21T17:31:37.711+0700","caller":"cache/redis_cache.go:98","msg":"Successfully cached data","cacheKey":"apigw:cart:all:user:14:page:1:pageSize:10:search:","expiration":"5m0s"}
{"time":"2026-08-21T17:31:37+07:00","id":"QPuPfLwlVRBbkQFbaCzaSJBAOhKDlwAk","remote_ip":"::1","host":"localhost:5000","method":"GET","uri":"/api/cart-query","status":200,"error":"","latency":16580700,"latency_human":"16.5807ms","bytes_in":0,"bytes_out":362}
{"level":"info","ts":"2026-08-21T17:31:37.739+0700","caller":"cache/redis_cache.go:208","msg":"Invalidated cache keys","pattern":"apigw:cart:all:user:14:*","count":1}
{"time":"2026-08-21T17:31:37+07:00","id":"ygcIodpIJGvKtxXPqAFwgdSiFfsgnmnj","remote_ip":"::1","host":"localhost:5000","method":"DELETE","uri":"/api/cart-command/delete","status":200,"error":"","latency":25620490,"latency_human":"25.62049ms","bytes_in":39,"bytes_out":76}
{"level":"info","ts":"2026-08-21T17:31:37.771+0700","caller":"cache/redis_cache.go:208","msg":"Invalidated cache keys","pattern":"apigw:cart:all:user:14:*","count":0}
{"time":"2026-08-21T17:31:37+07:00","id":"UvlSZNWhQOYbMArTIFSjNObndyNWFJTy","remote_ip":"::1","host":"localhost:5000","method":"POST","uri":"/api/cart-command/create","status":201,"error":"","latency":29203361,"latency_human":"29.203361ms","bytes_in":61,"bytes_out":273}
{"level":"info","ts":"2026-08-21T17:31:37.793+0700","caller":"cache/redis_cache.go:208","msg":"Invalidated cache keys","pattern":"apigw:cart:all:user:14:*","count":0}
{"time":"2026-08-21T17:31:37+07:00","id":"zhOhcLLpnuWlMTPHjJqIxilEOggWVBFP","remote_ip":"::1","host":"localhost:5000","method":"POST","uri":"/api/cart-command/delete-all","status":200,"error":"","latency":19963039,"latency_human":"19.963039ms","bytes_in":42,"bytes_out":81}
{"level":"info","ts":"2026-08-21T17:31:39.894+0700","caller":"observability/tracing_metrics.go:105","msg":"Start: register"}
{"level":"info","ts":"2026-08-21T17:31:40.451+0700","caller":"observability/tracing_metrics.go:122","msg":"Request completed successfully"}
{"time":"2026-08-21T17:31:40+07:00","id":"qdtYgFRhFiXNuPHGsTLOllsGpXzdddxU","remote_ip":"::1","host":"localhost:5000","method":"POST","uri":"/api/auth/register","status":201,"error":"","latency":558473162,"latency_human":"558.473162ms","bytes_in":178,"bytes_out":253}
{"level":"info","ts":"2026-08-21T17:31:40.455+0700","caller":"observability/tracing_metrics.go:105","msg":"Start: login"}
{"level":"debug","ts":"2026-08-21T17:31:40.801+0700","caller":"cache/redis_cache.go:98","msg":"Successfully cached data","cacheKey":"apigw:auth:login:hurl.category.1787308277@example.com","expiration":"5m0s"}
{"level":"info","ts":"2026-08-21T17:31:40.802+0700","caller":"observability/tracing_metrics.go:122","msg":"Request completed successfully"}
{"time":"2026-08-21T17:31:40+07:00","id":"FMvkWkDALXJEirTaSXmMHmIsvzYIFpLd","remote_ip":"::1","host":"localhost:5000","method":"POST","uri":"/api/auth/login","status":200,"error":"","latency":347371163,"latency_human":"347.371163ms","bytes_in":86,"bytes_out":389}
{"level":"debug","ts":"2026-08-21T17:31:40.817+0700","caller":"upload_image/upload.go:119","msg":"Successfully saved uploaded file","path":"uploads/category/1787308300816768554.png","size":70,"is_document":false}
{"time":"2026-08-21T17:31:40+07:00","id":"VfPdnPkEvYQwbmeQoFDDvTYJHtNWvwav","remote_ip":"::1","host":"localhost:5000","method":"POST","uri":"/api/category-command/create","status":201,"error":"","latency":16570451,"latency_human":"16.570451ms","bytes_in":721,"bytes_out":371}
{"time":"2026-08-21T17:31:40+07:00","id":"bTvdhYKLmVUnDUSHpsBhYevjrBHCTmnz","remote_ip":"::1","host":"localhost:5000","method":"GET","uri":"/api/category-query?page=1&page_size=10","status":200,"error":"","latency":1873101,"latency_human":"1.873101ms","bytes_in":0,"bytes_out":1762}
{"time":"2026-08-21T17:31:40+07:00","id":"JmYZLjsLvBGVQUUCNKzOgeqLBjotlwKo","remote_ip":"::1","host":"localhost:5000","method":"GET","uri":"/api/category-query/active?page=1&page_size=10","status":200,"error":"","latency":1896828,"latency_human":"1.896828ms","bytes_in":0,"bytes_out":1881}
{"level":"debug","ts":"2026-08-21T17:31:40.859+0700","caller":"cache/redis_cache.go:98","msg":"Successfully cached data","cacheKey":"apigw:category:id:10","expiration":"5m0s"}
{"time":"2026-08-21T17:31:40+07:00","id":"cHssYrmaEQwWdDeMALaHobRxgSndSISb","remote_ip":"::1","host":"localhost:5000","method":"GET","uri":"/api/category-query/10","status":200,"error":"","latency":13447216,"latency_human":"13.447216ms","bytes_in":0,"bytes_out":371}
{"level":"debug","ts":"2026-08-21T17:31:40.864+0700","caller":"upload_image/upload.go:119","msg":"Successfully saved uploaded file","path":"uploads/category/1787308300864495948.png","size":70,"is_document":false}
{"time":"2026-08-21T17:31:40+07:00","id":"HGdwzVZLXzpvfmlWBewbpvCcSpqfSITs","remote_ip":"::1","host":"localhost:5000","method":"POST","uri":"/api/category-command/update/10","status":200,"error":"","latency":15344790,"latency_human":"15.34479ms","bytes_in":700,"bytes_out":350}
{"time":"2026-08-21T17:31:40+07:00","id":"QIuVNoJnkNcWNEPmTSORKWViRoqzvYBU","remote_ip":"::1","host":"localhost:5000","method":"POST","uri":"/api/category-command/trashed/10","status":200,"error":"","latency":10436254,"latency_human":"10.436254ms","bytes_in":0,"bytes_out":376}
{"time":"2026-08-21T17:31:40+07:00","id":"DDtBXmEyCcxbSsGMvJxAdeLBpfgqdTSp","remote_ip":"::1","host":"localhost:5000","method":"GET","uri":"/api/category-query/trashed?page=1&page_size=10","status":200,"error":"","latency":3782737,"latency_human":"3.782737ms","bytes_in":0,"bytes_out":428}
{"time":"2026-08-21T17:31:40+07:00","id":"AqLdVuszlkVIUdFIRuSbfDXzWCdiJHmK","remote_ip":"::1","host":"localhost:5000","method":"POST","uri":"/api/category-command/restore/10","status":200,"error":"","latency":12745743,"latency_human":"12.745743ms","bytes_in":0,"bytes_out":367}
{"time":"2026-08-21T17:31:40+07:00","id":"rfltEWJWItkPTuWRMsXuxFQLewJsMjWQ","remote_ip":"::1","host":"localhost:5000","method":"POST","uri":"/api/category-command/trashed/10","status":200,"error":"","latency":7953900,"latency_human":"7.9539ms","bytes_in":0,"bytes_out":376}
{"time":"2026-08-21T17:31:40+07:00","id":"QPrvDjohKxKsvPUBhZkeDiKAxvCcSBzC","remote_ip":"::1","host":"localhost:5000","method":"DELETE","uri":"/api/category-command/permanent/10","status":200,"error":"","latency":11320651,"latency_human":"11.320651ms","bytes_in":0,"bytes_out":75}
{"level":"info","ts":"2026-08-21T17:31:43.053+0700","caller":"observability/tracing_metrics.go:105","msg":"Start: register"}
{"level":"info","ts":"2026-08-21T17:31:43.519+0700","caller":"observability/tracing_metrics.go:122","msg":"Request completed successfully"}
{"time":"2026-08-21T17:31:43+07:00","id":"EfiUTsBXfxjqsODAnFnioKAHwEvaXppN","remote_ip":"::1","host":"localhost:5000","method":"POST","uri":"/api/auth/register","status":201,"error":"","latency":466032890,"latency_human":"466.03289ms","bytes_in":178,"bytes_out":253}
{"level":"info","ts":"2026-08-21T17:31:43.523+0700","caller":"observability/tracing_metrics.go:105","msg":"Start: login"}
{"level":"debug","ts":"2026-08-21T17:31:43.863+0700","caller":"cache/redis_cache.go:98","msg":"Successfully cached data","cacheKey":"apigw:auth:login:hurl.merchant.1787308277@example.com","expiration":"5m0s"}
{"level":"info","ts":"2026-08-21T17:31:43.863+0700","caller":"observability/tracing_metrics.go:122","msg":"Request completed successfully"}
{"time":"2026-08-21T17:31:43+07:00","id":"slGvasbhqHwZesxBryGJWCcWMGQEiSKw","remote_ip":"::1","host":"localhost:5000","method":"POST","uri":"/api/auth/login","status":200,"error":"","latency":340887437,"latency_human":"340.887437ms","bytes_in":86,"bytes_out":389}
{"time":"2026-08-21T17:31:43+07:00","id":"PtEewhChNXmsUygwoWtQAHDkRmEqhEeU","remote_ip":"::1","host":"localhost:5000","method":"POST","uri":"/api/merchant-command/create","status":201,"error":"","latency":28440499,"latency_human":"28.440499ms","bytes_in":310,"bytes_out":416}
{"time":"2026-08-21T17:31:43+07:00","id":"GlPdzcaueJUvnDlMrDEvzLIRtkNBimmn","remote_ip":"::1","host":"localhost:5000","method":"GET","uri":"/api/merchant-query?page=1&page_size=10","status":200,"error":"","latency":2552733,"latency_human":"2.552733ms","bytes_in":0,"bytes_out":2248}
{"time":"2026-08-21T17:31:43+07:00","id":"TycWyxiUIdOcULrFnejpsxuaoQsZSVIa","remote_ip":"::1","host":"localhost:5000","method":"GET","uri":"/api/merchant-query/active?page=1&page_size=10","status":200,"error":"","latency":1579753,"latency_human":"1.579753ms","bytes_in":0,"bytes_out":2367}
{"level":"debug","ts":"2026-08-21T17:31:43.921+0700","caller":"cache/redis_cache.go:98","msg":"Successfully cached data","cacheKey":"apigw:merchant:id:10","expiration":"5m0s"}
{"time":"2026-08-21T17:31:43+07:00","id":"gCDyLpGYzGhOfGiiAYeixuXgwjLGAuJC","remote_ip":"::1","host":"localhost:5000","method":"GET","uri":"/api/merchant-query/10","status":200,"error":"","latency":13756089,"latency_human":"13.756089ms","bytes_in":0,"bytes_out":416}
{"time":"2026-08-21T17:31:43+07:00","id":"IXeAEYPuBbZswmuEucVuLWLCTwXgUtwF","remote_ip":"::1","host":"localhost:5000","method":"POST","uri":"/api/merchant-command/update/10","status":200,"error":"","latency":16856468,"latency_human":"16.856468ms","bytes_in":282,"bytes_out":388}
{"time":"2026-08-21T17:31:43+07:00","id":"UwbGwsPhAtDwvNWuagMIiKjGYOyWspST","remote_ip":"::1","host":"localhost:5000","method":"POST","uri":"/api/merchant-command/trashed/10","status":200,"error":"","latency":13043628,"latency_human":"13.043628ms","bytes_in":0,"bytes_out":423}
{"time":"2026-08-21T17:31:43+07:00","id":"AyqzhLNmfOpgPYXuRhbPbkoCLRJUzQzI","remote_ip":"::1","host":"localhost:5000","method":"GET","uri":"/api/merchant-query/trashed?page=1&page_size=10","status":200,"error":"","latency":4959884,"latency_human":"4.959884ms","bytes_in":0,"bytes_out":537}
{"time":"2026-08-21T17:31:43+07:00","id":"NEcpyCURXBhAnFQkgiaRdXpOLFApOucR","remote_ip":"::1","host":"localhost:5000","method":"POST","uri":"/api/merchant-command/restore/10","status":200,"error":"","latency":12170939,"latency_human":"12.170939ms","bytes_in":0,"bytes_out":389}
{"level":"info","ts":"2026-08-21T17:31:46.055+0700","caller":"observability/tracing_metrics.go:105","msg":"Start: register"}
{"level":"info","ts":"2026-08-21T17:31:46.398+0700","caller":"observability/tracing_metrics.go:122","msg":"Request completed successfully"}
{"time":"2026-08-21T17:31:46+07:00","id":"tFTRdMTyQxnkkqnjsfilRUGRpGhHOYsH","remote_ip":"::1","host":"localhost:5000","method":"POST","uri":"/api/auth/register","status":201,"error":"","latency":344060491,"latency_human":"344.060491ms","bytes_in":172,"bytes_out":247}
{"level":"info","ts":"2026-08-21T17:31:46.400+0700","caller":"observability/tracing_metrics.go:105","msg":"Start: login"}
{"level":"debug","ts":"2026-08-21T17:31:46.743+0700","caller":"cache/redis_cache.go:98","msg":"Successfully cached data","cacheKey":"apigw:auth:login:hurl.order.1787308277@example.com","expiration":"5m0s"}
{"level":"info","ts":"2026-08-21T17:31:46.744+0700","caller":"observability/tracing_metrics.go:122","msg":"Request completed successfully"}
{"time":"2026-08-21T17:31:46+07:00","id":"XVIfbdltjqYYopWLivJNNMpVYxFRaETY","remote_ip":"::1","host":"localhost:5000","method":"POST","uri":"/api/auth/login","status":200,"error":"","latency":343471224,"latency_human":"343.471224ms","bytes_in":83,"bytes_out":389}
{"level":"debug","ts":"2026-08-21T17:31:46.759+0700","caller":"upload_image/upload.go:119","msg":"Successfully saved uploaded file","path":"uploads/category/1787308306757912848.png","size":70,"is_document":false}
{"time":"2026-08-21T17:31:46+07:00","id":"jKHmQgauFSLLDhwpGSElWfTVCfJBFDEg","remote_ip":"::1","host":"localhost:5000","method":"POST","uri":"/api/category-command/create","status":201,"error":"","latency":13141245,"latency_human":"13.141245ms","bytes_in":682,"bytes_out":332}
{"time":"2026-08-21T17:31:46+07:00","id":"hmnJGuhOfhAVnGQNhpINXiVEJjOAacTC","remote_ip":"::1","host":"localhost:5000","method":"POST","uri":"/api/merchant-command/create","status":201,"error":"","latency":29040520,"latency_human":"29.04052ms","bytes_in":262,"bytes_out":368}
{"level":"debug","ts":"2026-08-21T17:31:46.805+0700","caller":"upload_image/upload.go:119","msg":"Successfully saved uploaded file","path":"uploads/products/1787308306805316613.png","size":70,"is_document":false}
{"level":"info","ts":"2026-08-21T17:31:46.832+0700","caller":"cache/redis_cache.go:208","msg":"Invalidated cache keys","pattern":"apigw:product:*","count":0}
{"time":"2026-08-21T17:31:46+07:00","id":"BmZCSEPVvIAgfwAlKFYmDeFHsqsrFFUX","remote_ip":"::1","host":"localhost:5000","method":"POST","uri":"/api/product-command/create","status":201,"error":"","latency":28893221,"latency_human":"28.893221ms","bytes_in":1425,"bytes_out":435}
{"time":"2026-08-21T17:31:47+07:00","id":"LjSuxakezJuzIoOAQFXEodHGjYixqZYg","remote_ip":"::1","host":"localhost:5000","method":"POST","uri":"/api/order-command/create","status":200,"error":"","latency":182043603,"latency_human":"182.043603ms","bytes_in":467,"bytes_out":204}
{"time":"2026-08-21T17:31:47+07:00","id":"buERuRAvmlGUveIlYiFkKoPEqWKlJnfQ","remote_ip":"::1","host":"localhost:5000","method":"GET","uri":"/api/order-query?page=1&page_size=10","status":200,"error":"","latency":2035349,"latency_human":"2.035349ms","bytes_in":0,"bytes_out":1095}
{"level":"debug","ts":"2026-08-21T17:31:47.043+0700","caller":"cache/redis_cache.go:98","msg":"Successfully cached data","cacheKey":"apigw:order:id:9","expiration":"5m0s"}
{"time":"2026-08-21T17:31:47+07:00","id":"GqXVokIvRzJHstAuLRVpUfGfXvdFJIcR","remote_ip":"::1","host":"localhost:5000","method":"GET","uri":"/api/order-query/9","status":200,"error":"","latency":17873201,"latency_human":"17.873201ms","bytes_in":0,"bytes_out":204}
{"time":"2026-08-21T17:31:47+07:00","id":"owsMXUarhTBTbeYQVEwaUbrBaqJMJjAm","remote_ip":"::1","host":"localhost:5000","method":"GET","uri":"/api/order-query/active?page=1&page_size=10","status":200,"error":"","latency":2952237,"latency_human":"2.952237ms","bytes_in":0,"bytes_out":1214}
{"level":"debug","ts":"2026-08-21T17:31:47.079+0700","caller":"cache/redis_cache.go:98","msg":"Successfully cached data","cacheKey":"apigw:order_item:order:9","expiration":"5m0s"}
{"time":"2026-08-21T17:31:47+07:00","id":"csFIGuJNesKrjWeddOkYLXwrwuPSoIGv","remote_ip":"::1","host":"localhost:5000","method":"GET","uri":"/api/order-item/order/9","status":200,"error":"","latency":29451484,"latency_human":"29.451484ms","bytes_in":0,"bytes_out":227}
{"level":"info","ts":"2026-08-21T17:31:47.121+0700","caller":"cache/redis_cache.go:208","msg":"Invalidated cache keys","pattern":"apigw:order:*","count":12}
{"time":"2026-08-21T17:31:47+07:00","id":"GWXlfqQMPptZUVqvJUYfEiXjwrzQvGkY","remote_ip":"::1","host":"localhost:5000","method":"POST","uri":"/api/order-command/trashed/9","status":200,"error":"","latency":39692494,"latency_human":"39.692494ms","bytes_in":0,"bytes_out":243}
{"level":"info","ts":"2026-08-21T17:31:47.162+0700","caller":"cache/redis_cache.go:208","msg":"Invalidated cache keys","pattern":"apigw:order:*","count":0}
{"time":"2026-08-21T17:31:47+07:00","id":"ZIQZsXMAbiiuBWBNYQlyOzRLhvKqTqaI","remote_ip":"::1","host":"localhost:5000","method":"POST","uri":"/api/order-command/restore/9","status":200,"error":"","latency":38977475,"latency_human":"38.977475ms","bytes_in":0,"bytes_out":221}
{"level":"info","ts":"2026-08-21T17:31:49.240+0700","caller":"observability/tracing_metrics.go:105","msg":"Start: register"}
{"level":"info","ts":"2026-08-21T17:31:49.525+0700","caller":"apps/client.go:182","msg":"Cache statistics","ref_count":0,"total_keys":156,"hit_rate":13.740458015267176,"memory_used":"1.8 MB","high_ref_count":false}
{"level":"info","ts":"2026-08-21T17:31:49.688+0700","caller":"observability/tracing_metrics.go:122","msg":"Request completed successfully"}
{"time":"2026-08-21T17:31:49+07:00","id":"yQxXyeRMzsqmmpDjKkClVTezoxzivjNl","remote_ip":"::1","host":"localhost:5000","method":"POST","uri":"/api/auth/register","status":201,"error":"","latency":447642190,"latency_human":"447.64219ms","bytes_in":176,"bytes_out":251}
{"level":"info","ts":"2026-08-21T17:31:49.694+0700","caller":"observability/tracing_metrics.go:105","msg":"Start: login"}
{"level":"debug","ts":"2026-08-21T17:31:50.080+0700","caller":"cache/redis_cache.go:98","msg":"Successfully cached data","cacheKey":"apigw:auth:login:hurl.product.1787308277@example.com","expiration":"5m0s"}
{"level":"info","ts":"2026-08-21T17:31:50.081+0700","caller":"observability/tracing_metrics.go:122","msg":"Request completed successfully"}
{"time":"2026-08-21T17:31:50+07:00","id":"iQGkmxjmDBJLfiVgVxpbyLRbOfhrsaex","remote_ip":"::1","host":"localhost:5000","method":"POST","uri":"/api/auth/login","status":200,"error":"","latency":387577510,"latency_human":"387.57751ms","bytes_in":85,"bytes_out":389}
{"level":"debug","ts":"2026-08-21T17:31:50.099+0700","caller":"upload_image/upload.go:119","msg":"Successfully saved uploaded file","path":"uploads/category/1787308310099057018.png","size":70,"is_document":false}
{"time":"2026-08-21T17:31:50+07:00","id":"edcsEEiEQwhGwQxxmnmbrgSxsbKsYJyE","remote_ip":"::1","host":"localhost:5000","method":"POST","uri":"/api/category-command/create","status":201,"error":"","latency":9494546,"latency_human":"9.494546ms","bytes_in":690,"bytes_out":340}
{"time":"2026-08-21T17:31:50+07:00","id":"rTWnANwHgeZlfWuvmcOgxgMaHGXKgPSt","remote_ip":"::1","host":"localhost:5000","method":"POST","uri":"/api/merchant-command/create","status":201,"error":"","latency":22001559,"latency_human":"22.001559ms","bytes_in":266,"bytes_out":372}
{"level":"debug","ts":"2026-08-21T17:31:50.137+0700","caller":"upload_image/upload.go:119","msg":"Successfully saved uploaded file","path":"uploads/products/1787308310136571285.png","size":70,"is_document":false}
{"level":"info","ts":"2026-08-21T17:31:50.206+0700","caller":"cache/redis_cache.go:208","msg":"Invalidated cache keys","pattern":"apigw:product:*","count":0}
{"time":"2026-08-21T17:31:50+07:00","id":"SjEbWdILYvZCwSzrtxpdeJezDmkXajcy","remote_ip":"::1","host":"localhost:5000","method":"POST","uri":"/api/product-command/create","status":201,"error":"","latency":71664770,"latency_human":"71.66477ms","bytes_in":1464,"bytes_out":509}
{"level":"debug","ts":"2026-08-21T17:31:50.222+0700","caller":"cache/redis_cache.go:98","msg":"Successfully cached data","cacheKey":"apigw:product:all:page:1:pageSize:10:search:","expiration":"5m0s"}
{"time":"2026-08-21T17:31:50+07:00","id":"bjpsEWbGyZyYZnOtFvBwGLEZiAhwErTU","remote_ip":"::1","host":"localhost:5000","method":"GET","uri":"/api/product-query?page=1&page_size=10","status":200,"error":"","latency":12885450,"latency_human":"12.88545ms","bytes_in":0,"bytes_out":3896}
{"level":"debug","ts":"2026-08-21T17:31:50.244+0700","caller":"cache/redis_cache.go:98","msg":"Successfully cached data","cacheKey":"apigw:product:active:page:1:pageSize:10:search:","expiration":"5m0s"}
{"time":"2026-08-21T17:31:50+07:00","id":"ThKCMdrpQIvSaBBIhlekCrWdAWVKYmmq","remote_ip":"::1","host":"localhost:5000","method":"GET","uri":"/api/product-query/active?page=1&page_size=10","status":200,"error":"","latency":19069792,"latency_human":"19.069792ms","bytes_in":0,"bytes_out":4063}
{"level":"debug","ts":"2026-08-21T17:31:50.261+0700","caller":"cache/redis_cache.go:98","msg":"Successfully cached data","cacheKey":"apigw:product:id:11","expiration":"5m0s"}
{"time":"2026-08-21T17:31:50+07:00","id":"CHDaMwjsLAQKRhOKmNbVPpZpDSDeWhqa","remote_ip":"::1","host":"localhost:5000","method":"GET","uri":"/api/product-query/11","status":200,"error":"","latency":15067515,"latency_human":"15.067515ms","bytes_in":0,"bytes_out":509}
{"level":"debug","ts":"2026-08-21T17:31:50.276+0700","caller":"cache/redis_cache.go:98","msg":"Successfully cached data","cacheKey":"apigw:product:merchant:12:page:1:pageSize:10:search:","expiration":"5m0s"}
{"time":"2026-08-21T17:31:50+07:00","id":"NYZFbgahykTseFllTaFLeyANNflymZer","remote_ip":"::1","host":"localhost:5000","method":"GET","uri":"/api/product-query/merchant/12?page=1&page_size=10","status":200,"error":"","latency":12008552,"latency_human":"12.008552ms","bytes_in":0,"bytes_out":602}
{"level":"debug","ts":"2026-08-21T17:31:50.280+0700","caller":"upload_image/upload.go:119","msg":"Successfully saved uploaded file","path":"uploads/products/1787308310279991196.png","size":70,"is_document":false}
{"level":"info","ts":"2026-08-21T17:31:50.311+0700","caller":"cache/redis_cache.go:208","msg":"Invalidated cache keys","pattern":"apigw:product:*","count":4}
{"time":"2026-08-21T17:31:50+07:00","id":"SIlirTBuHhXxBzqnUrRkjQSntocaHNbK","remote_ip":"::1","host":"localhost:5000","method":"POST","uri":"/api/product-command/update/11","status":200,"error":"","latency":32323777,"latency_human":"32.323777ms","bytes_in":1443,"bytes_out":451}
{"level":"info","ts":"2026-08-21T17:31:50.328+0700","caller":"cache/redis_cache.go:208","msg":"Invalidated cache keys","pattern":"apigw:product:*","count":0}
{"time":"2026-08-21T17:31:50+07:00","id":"CLfvDpPJdRxlPWAVTvhnYSqnWztmcWmo","remote_ip":"::1","host":"localhost:5000","method":"POST","uri":"/api/product-command/trashed/11","status":200,"error":"","latency":10324002,"latency_human":"10.324002ms","bytes_in":0,"bytes_out":467}
{"level":"debug","ts":"2026-08-21T17:31:50.342+0700","caller":"cache/redis_cache.go:98","msg":"Successfully cached data","cacheKey":"apigw:product:trashed:page:1:pageSize:10:search:","expiration":"5m0s"}
{"time":"2026-08-21T17:31:50+07:00","id":"OfkiWAhaNNmOvWLWcHXiRRIUaiMjxExT","remote_ip":"::1","host":"localhost:5000","method":"GET","uri":"/api/product-query/trashed?page=1&page_size=10","status":200,"error":"","latency":10947394,"latency_human":"10.947394ms","bytes_in":0,"bytes_out":987}
{"level":"info","ts":"2026-08-21T17:31:50.358+0700","caller":"cache/redis_cache.go:208","msg":"Invalidated cache keys","pattern":"apigw:product:*","count":1}
{"time":"2026-08-21T17:31:50+07:00","id":"WPTeqeAstMzXnniurWrFbthYGNoeDtAF","remote_ip":"::1","host":"localhost:5000","method":"POST","uri":"/api/product-command/restore/11","status":200,"error":"","latency":12515224,"latency_human":"12.515224ms","bytes_in":0,"bytes_out":468}
{"level":"info","ts":"2026-08-21T17:31:52.460+0700","caller":"observability/tracing_metrics.go:105","msg":"Start: register"}
{"level":"info","ts":"2026-08-21T17:31:52.882+0700","caller":"observability/tracing_metrics.go:122","msg":"Request completed successfully"}
{"time":"2026-08-21T17:31:52+07:00","id":"NZdyBJLGIclGrPYPjVGoAmyoAoNVadfC","remote_ip":"::1","host":"localhost:5000","method":"POST","uri":"/api/auth/register","status":201,"error":"","latency":423378048,"latency_human":"423.378048ms","bytes_in":174,"bytes_out":249}
{"level":"info","ts":"2026-08-21T17:31:52.886+0700","caller":"observability/tracing_metrics.go:105","msg":"Start: login"}
{"level":"debug","ts":"2026-08-21T17:31:53.236+0700","caller":"cache/redis_cache.go:98","msg":"Successfully cached data","cacheKey":"apigw:auth:login:hurl.review.1787308277@example.com","expiration":"5m0s"}
{"level":"info","ts":"2026-08-21T17:31:53.236+0700","caller":"observability/tracing_metrics.go:122","msg":"Request completed successfully"}
{"time":"2026-08-21T17:31:53+07:00","id":"vcucsQVDSVpEzYjRSiYhTvxFgKrYzgna","remote_ip":"::1","host":"localhost:5000","method":"POST","uri":"/api/auth/login","status":200,"error":"","latency":350921881,"latency_human":"350.921881ms","bytes_in":84,"bytes_out":389}
{"level":"debug","ts":"2026-08-21T17:31:53.250+0700","caller":"upload_image/upload.go:119","msg":"Successfully saved uploaded file","path":"uploads/category/1787308313249861942.png","size":70,"is_document":false}
{"time":"2026-08-21T17:31:53+07:00","id":"FBquVxBQaniRkiDFRgGlAIxqeuQdXyRC","remote_ip":"::1","host":"localhost:5000","method":"POST","uri":"/api/category-command/create","status":201,"error":"","latency":25995174,"latency_human":"25.995174ms","bytes_in":686,"bytes_out":336}
{"time":"2026-08-21T17:31:53+07:00","id":"tvcPkkSLDMYCBTFRFksHKmdPuDkCYwlE","remote_ip":"::1","host":"localhost:5000","method":"POST","uri":"/api/merchant-command/create","status":201,"error":"","latency":29673861,"latency_human":"29.673861ms","bytes_in":265,"bytes_out":371}
{"level":"debug","ts":"2026-08-21T17:31:53.310+0700","caller":"upload_image/upload.go:119","msg":"Successfully saved uploaded file","path":"uploads/products/1787308313309812140.png","size":70,"is_document":false}
{"level":"info","ts":"2026-08-21T17:31:53.349+0700","caller":"cache/redis_cache.go:208","msg":"Invalidated cache keys","pattern":"apigw:product:*","count":0}
{"time":"2026-08-21T17:31:53+07:00","id":"hczKpGfkidMmvUeEZpLzIubpHyBFDbJX","remote_ip":"::1","host":"localhost:5000","method":"POST","uri":"/api/product-command/create","status":201,"error":"","latency":40782642,"latency_human":"40.782642ms","bytes_in":1429,"bytes_out":438}
{"level":"info","ts":"2026-08-21T17:31:53.353+0700","caller":"observability/tracing_metrics.go:105","msg":"Start: CreateReview"}
{"level":"info","ts":"2026-08-21T17:31:53.387+0700","caller":"observability/tracing_metrics.go:122","msg":"Successfully created review"}
{"time":"2026-08-21T17:31:53+07:00","id":"JgAIGJnXdJAgZugxvnucvNaJCKyhViuE","remote_ip":"::1","host":"localhost:5000","method":"POST","uri":"/api/review-command/create","status":201,"error":"","latency":36470979,"latency_human":"36.470979ms","bytes_in":99,"bytes_out":212}
{"time":"2026-08-21T17:31:53+07:00","id":"fguOvLTbZkXGHJmtZBSHSxHouONnDCBe","remote_ip":"::1","host":"localhost:5000","method":"GET","uri":"/api/review-query?page=1&page_size=10","status":200,"error":"","latency":2100334,"latency_human":"2.100334ms","bytes_in":0,"bytes_out":1178}
{"level":"info","ts":"2026-08-21T17:31:53.395+0700","caller":"observability/tracing_metrics.go:105","msg":"Start: FindByProductReviews"}
{"level":"info","ts":"2026-08-21T17:31:53.407+0700","caller":"observability/tracing_metrics.go:122","msg":"Successfully retrieved reviews for product"}
{"time":"2026-08-21T17:31:53+07:00","id":"ZAmgZPTOGUcGpYcmXosyGdjQbVUxeQqy","remote_ip":"::1","host":"localhost:5000","method":"GET","uri":"/api/review-query/product/12?page=1&page_size=10","status":200,"error":"","latency":12686805,"latency_human":"12.686805ms","bytes_in":0,"bytes_out":162}
{"level":"info","ts":"2026-08-21T17:31:53.413+0700","caller":"observability/tracing_metrics.go:105","msg":"Start: FindByMerchantReviews"}
{"level":"debug","ts":"2026-08-21T17:31:53.441+0700","caller":"cache/redis_cache.go:98","msg":"Successfully cached data","cacheKey":"apigw:review:merchant:13:page:1:pageSize:10:search:","expiration":"5m0s"}
{"level":"info","ts":"2026-08-21T17:31:53.442+0700","caller":"observability/tracing_metrics.go:122","msg":"Successfully retrieved reviews for merchant"}
{"time":"2026-08-21T17:31:53+07:00","id":"YmvnGUaeTANZDUJwUNeDPaWkyyVhxvAq","remote_ip":"::1","host":"localhost:5000","method":"GET","uri":"/api/review-query/merchant/13?page=1&page_size=10","status":200,"error":"","latency":31374287,"latency_human":"31.374287ms","bytes_in":0,"bytes_out":163}
{"level":"info","ts":"2026-08-21T17:31:53.447+0700","caller":"observability/tracing_metrics.go:105","msg":"Start: UpdateReview"}
{"level":"info","ts":"2026-08-21T17:31:53.489+0700","caller":"observability/tracing_metrics.go:122","msg":"Successfully updated review"}
{"time":"2026-08-21T17:31:53+07:00","id":"EsKujjYuyPlGyNHPIssCjtrOiWKnNdjD","remote_ip":"::1","host":"localhost:5000","method":"POST","uri":"/api/review-command/update/9","status":200,"error":"","latency":42914005,"latency_human":"42.914005ms","bytes_in":96,"bytes_out":209}
{"level":"info","ts":"2026-08-21T17:31:53.491+0700","caller":"observability/tracing_metrics.go:105","msg":"Start: TrashedReview"}
{"level":"info","ts":"2026-08-21T17:31:53.503+0700","caller":"observability/tracing_metrics.go:122","msg":"Successfully moved review to trash"}
{"time":"2026-08-21T17:31:53+07:00","id":"iIHoCwOHXcPJKtjXQgRJHuAsSZUOfvyR","remote_ip":"::1","host":"localhost:5000","method":"POST","uri":"/api/review-command/trashed/9","status":200,"error":"","latency":13014134,"latency_human":"13.014134ms","bytes_in":0,"bytes_out":235}
{"time":"2026-08-21T17:31:53+07:00","id":"GWMbWDAdLofbVsGqRdvPheqIPkBxlvwE","remote_ip":"::1","host":"localhost:5000","method":"GET","uri":"/api/review-query/trashed?page=1&page_size=10","status":200,"error":"","latency":1218135,"latency_human":"1.218135ms","bytes_in":0,"bytes_out":321}
{"level":"info","ts":"2026-08-21T17:31:53.511+0700","caller":"observability/tracing_metrics.go:105","msg":"Start: RestoreReview"}
{"level":"info","ts":"2026-08-21T17:31:53.526+0700","caller":"observability/tracing_metrics.go:122","msg":"Successfully restored review"}
{"time":"2026-08-21T17:31:53+07:00","id":"SwgMTGchbCSttufniDeVUhaNcfiFyPPL","remote_ip":"::1","host":"localhost:5000","method":"POST","uri":"/api/review-command/restore/9","status":200,"error":"","latency":15971644,"latency_human":"15.971644ms","bytes_in":0,"bytes_out":226}
{"time":"2026-08-21T17:31:55+07:00","id":"mtqXZJONyHvnivnpQOjLQxeVzRKlcPPP","remote_ip":"::1","host":"localhost:5000","method":"GET","uri":"/api/role-query?page=1&page_size=10","status":401,"error":"code=401, message=Unauthorized","latency":92276,"latency_human":"92.276µs","bytes_in":0,"bytes_out":27}
{"level":"info","ts":"2026-08-21T17:31:55.647+0700","caller":"observability/tracing_metrics.go:105","msg":"Start: register"}
{"level":"info","ts":"2026-08-21T17:31:56.154+0700","caller":"observability/tracing_metrics.go:122","msg":"Request completed successfully"}
{"time":"2026-08-21T17:31:56+07:00","id":"GwvJwSkVqoTMwmiRTueFcPwFARRpYoQn","remote_ip":"::1","host":"localhost:5000","method":"POST","uri":"/api/auth/register","status":201,"error":"","latency":507473826,"latency_human":"507.473826ms","bytes_in":168,"bytes_out":243}
{"level":"info","ts":"2026-08-21T17:31:56.158+0700","caller":"observability/tracing_metrics.go:105","msg":"Start: login"}
{"level":"debug","ts":"2026-08-21T17:31:56.470+0700","caller":"cache/redis_cache.go:98","msg":"Successfully cached data","cacheKey":"apigw:auth:login:admin.1787308277@example.com","expiration":"5m0s"}
{"level":"info","ts":"2026-08-21T17:31:56.471+0700","caller":"observability/tracing_metrics.go:122","msg":"Request completed successfully"}
{"time":"2026-08-21T17:31:56+07:00","id":"hiAoTLeDRaOlFRcNJYTZSezNZeENexIt","remote_ip":"::1","host":"localhost:5000","method":"POST","uri":"/api/auth/login","status":200,"error":"","latency":313635625,"latency_human":"313.635625ms","bytes_in":78,"bytes_out":389}
{"level":"debug","ts":"2026-08-21T17:31:56.486+0700","caller":"cache/redis_cache.go:98","msg":"Successfully cached data","cacheKey":"apigw:user_roles:20","expiration":"5m0s"}
{"time":"2026-08-21T17:31:56+07:00","id":"iuWJIZmxwWfOSwHUfxMhbffYZRmjazDS","remote_ip":"::1","host":"localhost:5000","method":"GET","uri":"/api/role-query?page=1&page_size=10","status":200,"error":"","latency":15668961,"latency_human":"15.668961ms","bytes_in":0,"bytes_out":785}
{"time":"2026-08-21T17:31:56+07:00","id":"TuXQfVnNdFYdgumtQzfiSdobSZfGJJmp","remote_ip":"::1","host":"localhost:5000","method":"GET","uri":"/api/role-query/active?page=1&page_size=10","status":200,"error":"","latency":6137068,"latency_human":"6.137068ms","bytes_in":0,"bytes_out":758}
{"time":"2026-08-21T17:31:56+07:00","id":"BVHqoOfxAApgZDRGqKHUtQhToSaZzZee","remote_ip":"::1","host":"localhost:5000","method":"GET","uri":"/api/role-query/trashed?page=1&page_size=10","status":200,"error":"","latency":3880488,"latency_human":"3.880488ms","bytes_in":0,"bytes_out":304}
{"level":"debug","ts":"2026-08-21T17:31:56.515+0700","caller":"cache/redis_cache.go:98","msg":"Successfully cached data","cacheKey":"apigw:role:id:3","expiration":"5m0s"}
{"time":"2026-08-21T17:31:56+07:00","id":"UyuQufhnxlGTJgGIljLhczZLGOvSsNty","remote_ip":"::1","host":"localhost:5000","method":"GET","uri":"/api/role-query/3","status":200,"error":"","latency":9660215,"latency_human":"9.660215ms","bytes_in":0,"bytes_out":170}
{"level":"debug","ts":"2026-08-21T17:31:56.531+0700","caller":"cache/redis_cache.go:98","msg":"Successfully cached data","cacheKey":"apigw:role:user_id:4","expiration":"5m0s"}
{"time":"2026-08-21T17:31:56+07:00","id":"JWTUugRFgdOkHSnOjRaOTceyHOKmdnYC","remote_ip":"::1","host":"localhost:5000","method":"GET","uri":"/api/role-query/user/4","status":200,"error":"","latency":13830830,"latency_human":"13.83083ms","bytes_in":0,"bytes_out":186}
{"level":"info","ts":"2026-08-21T17:31:56.533+0700","caller":"observability/tracing_metrics.go:105","msg":"Start: login"}
{"level":"debug","ts":"2026-08-21T17:31:56.873+0700","caller":"cache/redis_cache.go:98","msg":"Successfully cached data","cacheKey":"apigw:auth:login:user_7ebd94b0-5787-4325-af35-cb2952b6ec96@example.com","expiration":"5m0s"}
{"level":"info","ts":"2026-08-21T17:31:56.874+0700","caller":"observability/tracing_metrics.go:122","msg":"Request completed successfully"}
{"time":"2026-08-21T17:31:56+07:00","id":"KVshWhbdbWEwgQccZyjyxukAQcFbkaEw","remote_ip":"::1","host":"localhost:5000","method":"POST","uri":"/api/auth/login","status":200,"error":"","latency":340630730,"latency_human":"340.63073ms","bytes_in":101,"bytes_out":386}
{"level":"debug","ts":"2026-08-21T17:31:56.888+0700","caller":"middlewares/role_grpc.go:58","msg":"Role validation failed (no roles)","user_id":1}
{"time":"2026-08-21T17:31:56+07:00","id":"AvflIjIJcUhNWKVYTNSEUEEETJDHQSSx","remote_ip":"::1","host":"localhost:5000","method":"GET","uri":"/api/role-query?page=1&page_size=10","status":401,"error":"code=401, message=Role validation failed","latency":13803189,"latency_human":"13.803189ms","bytes_in":0,"bytes_out":37}
{"level":"info","ts":"2026-08-21T17:31:58.996+0700","caller":"observability/tracing_metrics.go:105","msg":"Start: register"}
{"level":"info","ts":"2026-08-21T17:31:59.438+0700","caller":"observability/tracing_metrics.go:122","msg":"Request completed successfully"}
{"time":"2026-08-21T17:31:59+07:00","id":"ceFwwErXPYyPbfITPXdWplzvxpHxBbtI","remote_ip":"::1","host":"localhost:5000","method":"POST","uri":"/api/auth/register","status":201,"error":"","latency":442580355,"latency_human":"442.580355ms","bytes_in":186,"bytes_out":261}
{"level":"info","ts":"2026-08-21T17:31:59.441+0700","caller":"observability/tracing_metrics.go:105","msg":"Start: login"}
{"level":"debug","ts":"2026-08-21T17:31:59.861+0700","caller":"cache/redis_cache.go:98","msg":"Successfully cached data","cacheKey":"apigw:auth:login:hurl.shipping_address.1787308277@example.com","expiration":"5m0s"}
{"level":"info","ts":"2026-08-21T17:31:59.861+0700","caller":"observability/tracing_metrics.go:122","msg":"Request completed successfully"}
{"time":"2026-08-21T17:31:59+07:00","id":"LtLlrDUAjPAlZtjVSFomqUibyLzkZony","remote_ip":"::1","host":"localhost:5000","method":"POST","uri":"/api/auth/login","status":200,"error":"","latency":420897273,"latency_human":"420.897273ms","bytes_in":94,"bytes_out":389}
{"time":"2026-08-21T17:31:59+07:00","id":"igheiyMBuzsqEOdOYMHOPDcqLCpbcrLx","remote_ip":"::1","host":"localhost:5000","method":"GET","uri":"/api/shipping-address-query?page=1&page_size=10","status":200,"error":"","latency":3867441,"latency_human":"3.867441ms","bytes_in":0,"bytes_out":1717}
{"level":"debug","ts":"2026-08-21T17:31:59.960+0700","caller":"cache/redis_cache.go:98","msg":"Successfully cached data","cacheKey":"apigw:shipping_address:id:8","expiration":"5m0s"}
{"time":"2026-08-21T17:31:59+07:00","id":"cvivstjTBODfhJolqipbqBAKllsNTNWv","remote_ip":"::1","host":"localhost:5000","method":"GET","uri":"/api/shipping-address-query/8","status":200,"error":"","latency":89339209,"latency_human":"89.339209ms","bytes_in":0,"bytes_out":306}
{"time":"2026-08-21T17:31:59+07:00","id":"jWxegBYFDgKmJjquuUoMndDkpbjXatEg","remote_ip":"::1","host":"localhost:5000","method":"GET","uri":"/api/shipping-address-query/active?page=1&page_size=10","status":200,"error":"","latency":3664127,"latency_human":"3.664127ms","bytes_in":0,"bytes_out":1850}
{"time":"2026-08-21T17:32:00+07:00","id":"sZaQmBjFvLNHAUpuufYITPYuyMBfSnWy","remote_ip":"::1","host":"localhost:5000","method":"POST","uri":"/api/shipping-address-command/trashed/8","status":200,"error":"","latency":57055708,"latency_human":"57.055708ms","bytes_in":0,"bytes_out":332}
{"time":"2026-08-21T17:32:00+07:00","id":"QjhLwZCJNkpHEBauccdBzFAfKMUkFUDX","remote_ip":"::1","host":"localhost:5000","method":"GET","uri":"/api/shipping-address-query/trashed?page=1&page_size=10","status":200,"error":"","latency":2256297,"latency_human":"2.256297ms","bytes_in":0,"bytes_out":415}
{"time":"2026-08-21T17:32:00+07:00","id":"KDzKfrWPsxqaTHzCAyqsDurvTvamjnUe","remote_ip":"::1","host":"localhost:5000","method":"POST","uri":"/api/shipping-address-command/restore/8","status":200,"error":"","latency":21637056,"latency_human":"21.637056ms","bytes_in":0,"bytes_out":323}
{"level":"info","ts":"2026-08-21T17:32:02.140+0700","caller":"observability/tracing_metrics.go:105","msg":"Start: register"}
{"level":"info","ts":"2026-08-21T17:32:02.512+0700","caller":"observability/tracing_metrics.go:122","msg":"Request completed successfully"}
{"time":"2026-08-21T17:32:02+07:00","id":"QAoRQnrPLNMBcSnmfcMHhBNWHQjtbIns","remote_ip":"::1","host":"localhost:5000","method":"POST","uri":"/api/auth/register","status":201,"error":"","latency":373045293,"latency_human":"373.045293ms","bytes_in":174,"bytes_out":249}
{"level":"info","ts":"2026-08-21T17:32:02.514+0700","caller":"observability/tracing_metrics.go:105","msg":"Start: login"}
{"level":"debug","ts":"2026-08-21T17:32:02.919+0700","caller":"cache/redis_cache.go:98","msg":"Successfully cached data","cacheKey":"apigw:auth:login:hurl.slider.1787308277@example.com","expiration":"5m0s"}
{"level":"info","ts":"2026-08-21T17:32:02.921+0700","caller":"observability/tracing_metrics.go:122","msg":"Request completed successfully"}
{"time":"2026-08-21T17:32:02+07:00","id":"OTnaEoRnbfKkLlnKWQMbnzigDkPAPwxK","remote_ip":"::1","host":"localhost:5000","method":"POST","uri":"/api/auth/login","status":200,"error":"","latency":406994208,"latency_human":"406.994208ms","bytes_in":84,"bytes_out":389}
{"level":"debug","ts":"2026-08-21T17:32:02.938+0700","caller":"upload_image/upload.go:119","msg":"Successfully saved uploaded file","path":"uploads/slider/1787308322937567535.png","size":70,"is_document":false}
{"time":"2026-08-21T17:32:02+07:00","id":"UZdqQMbWEYSBSzeNgcAxMqdTPcDIJrCf","remote_ip":"::1","host":"localhost:5000","method":"POST","uri":"/api/slider-command/create","status":201,"error":"","latency":17992485,"latency_human":"17.992485ms","bytes_in":427,"bytes_out":235}
{"time":"2026-08-21T17:32:02+07:00","id":"YnRBCGfQJSyyBKODpLlZRyUbUWStfelv","remote_ip":"::1","host":"localhost:5000","method":"GET","uri":"/api/slider-query?page=1&page_size=10","status":200,"error":"","latency":2612966,"latency_human":"2.612966ms","bytes_in":0,"bytes_out":1137}
{"level":"debug","ts":"2026-08-21T17:32:03.004+0700","caller":"cache/redis_cache.go:98","msg":"Successfully cached data","cacheKey":"apigw:slider:id:11","expiration":"5m0s"}
{"time":"2026-08-21T17:32:03+07:00","id":"ZCBVjOsttqoYANiayqjZutBuCRZFnDpu","remote_ip":"::1","host":"localhost:5000","method":"GET","uri":"/api/slider-query/11","status":200,"error":"","latency":26403411,"latency_human":"26.403411ms","bytes_in":0,"bytes_out":241}
{"time":"2026-08-21T17:32:03+07:00","id":"StdhYNtnHbaANtTKJKvBYcKXuForTeJK","remote_ip":"::1","host":"localhost:5000","method":"GET","uri":"/api/slider-query/active?page=1&page_size=10","status":200,"error":"","latency":18608698,"latency_human":"18.608698ms","bytes_in":0,"bytes_out":1306}
{"level":"debug","ts":"2026-08-21T17:32:03.029+0700","caller":"upload_image/upload.go:119","msg":"Successfully saved uploaded file","path":"uploads/slider/1787308323028959190.png","size":70,"is_document":false}
{"time":"2026-08-21T17:32:03+07:00","id":"BUzuyUGHdIzdHaiGSNUhtFzqDTodyuph","remote_ip":"::1","host":"localhost:5000","method":"POST","uri":"/api/slider-command/update/11","status":200,"error":"","latency":19649814,"latency_human":"19.649814ms","bytes_in":400,"bytes_out":208}
{"time":"2026-08-21T17:32:03+07:00","id":"TOeUcgbYtoqhyYkqWTUhPnPRmGLSxnng","remote_ip":"::1","host":"localhost:5000","method":"POST","uri":"/api/slider-command/trashed/11","status":200,"error":"","latency":7933713,"latency_human":"7.933713ms","bytes_in":0,"bytes_out":234}
{"time":"2026-08-21T17:32:03+07:00","id":"wJyDnQXyPmXQGGWVXuZcOBTjVWnyYqTb","remote_ip":"::1","host":"localhost:5000","method":"GET","uri":"/api/slider-query/trashed?page=1&page_size=10","status":200,"error":"","latency":1698927,"latency_human":"1.698927ms","bytes_in":0,"bytes_out":303}
{"time":"2026-08-21T17:32:03+07:00","id":"aavbTenxWQQhPEPOYjuqvIkHcICwgqUh","remote_ip":"::1","host":"localhost:5000","method":"POST","uri":"/api/slider-command/restore/11","status":200,"error":"","latency":7765271,"latency_human":"7.765271ms","bytes_in":0,"bytes_out":225}
{"level":"info","ts":"2026-08-21T17:32:05.179+0700","caller":"observability/tracing_metrics.go:105","msg":"Start: register"}
{"level":"info","ts":"2026-08-21T17:32:05.549+0700","caller":"observability/tracing_metrics.go:122","msg":"Request completed successfully"}
{"time":"2026-08-21T17:32:05+07:00","id":"pmjlCqPoQeSTDbToyxCgsEVqtziNhgRB","remote_ip":"::1","host":"localhost:5000","method":"POST","uri":"/api/auth/register","status":201,"error":"","latency":371125058,"latency_human":"371.125058ms","bytes_in":171,"bytes_out":256}
{"level":"info","ts":"2026-08-21T17:32:05.551+0700","caller":"observability/tracing_metrics.go:105","msg":"Start: login"}
{"level":"debug","ts":"2026-08-21T17:32:05.918+0700","caller":"cache/redis_cache.go:98","msg":"Successfully cached data","cacheKey":"apigw:auth:login:hurl.stats_strict.1787308277@example.com","expiration":"5m0s"}
{"level":"info","ts":"2026-08-21T17:32:05.919+0700","caller":"observability/tracing_metrics.go:122","msg":"Request completed successfully"}
{"time":"2026-08-21T17:32:05+07:00","id":"McRNeVgCxOxdbEalwXrsiYRPSERklJfk","remote_ip":"::1","host":"localhost:5000","method":"POST","uri":"/api/auth/login","status":200,"error":"","latency":367911750,"latency_human":"367.91175ms","bytes_in":86,"bytes_out":389}
{"level":"debug","ts":"2026-08-21T17:32:05.948+0700","caller":"cache/redis_cache.go:98","msg":"Successfully cached data","cacheKey":"apigw:category:stats:month:1:year:2024","expiration":"5m0s"}
{"time":"2026-08-21T17:32:05+07:00","id":"MLKYDeLkSHyKCuzYUwJtpaCvGdyeYumy","remote_ip":"::1","host":"localhost:5000","method":"GET","uri":"/api/category-stats/monthly-total-pricing?year=2024&month=1","status":200,"error":"","latency":27965143,"latency_human":"27.965143ms","bytes_in":0,"bytes_out":82}
{"level":"debug","ts":"2026-08-21T17:32:05.984+0700","caller":"cache/redis_cache.go:98","msg":"Successfully cached data","cacheKey":"apigw:category:stats:year:2024","expiration":"5m0s"}
{"time":"2026-08-21T17:32:05+07:00","id":"SYOEdTgGtEobGNQyYUxRnubGFWSqDLwO","remote_ip":"::1","host":"localhost:5000","method":"GET","uri":"/api/category-stats/yearly-total-pricing?year=2024","status":200,"error":"","latency":33797057,"latency_human":"33.797057ms","bytes_in":0,"bytes_out":91}
{"level":"debug","ts":"2026-08-21T17:32:06.019+0700","caller":"cache/redis_cache.go:98","msg":"Successfully cached data","cacheKey":"apigw:category:stats:bymerchant:1:month:1:year:2024","expiration":"5m0s"}
{"time":"2026-08-21T17:32:06+07:00","id":"UxhLLYidcxYBIgTsFgsErzqRZOXMMCZS","remote_ip":"::1","host":"localhost:5000","method":"GET","uri":"/api/category-stats/merchant/monthly-total-pricing?year=2024&month=1&merchant_id=1","status":200,"error":"","latency":33110030,"latency_human":"33.11003ms","bytes_in":0,"bytes_out":82}
{"level":"debug","ts":"2026-08-21T17:32:06.048+0700","caller":"cache/redis_cache.go:98","msg":"Successfully cached data","cacheKey":"apigw:category:stats:bymerchant:1:year:2024","expiration":"5m0s"}
{"time":"2026-08-21T17:32:06+07:00","id":"alispjWwDCiJqoOetYEDsMQnUGnCfbOW","remote_ip":"::1","host":"localhost:5000","method":"GET","uri":"/api/category-stats/merchant/yearly-total-pricing?year=2024&merchant_id=1","status":200,"error":"","latency":26569433,"latency_human":"26.569433ms","bytes_in":0,"bytes_out":91}
{"level":"debug","ts":"2026-08-21T17:32:06.076+0700","caller":"cache/redis_cache.go:98","msg":"Successfully cached data","cacheKey":"apigw:category:stats:byid:1:month:1:year:2024","expiration":"5m0s"}
{"time":"2026-08-21T17:32:06+07:00","id":"MUKyZMyzrCWzoPszxahwpUJncmohpTgo","remote_ip":"::1","host":"localhost:5000","method":"GET","uri":"/api/category-stats/mycategory/monthly-total-pricing?year=2024&month=1&category_id=1","status":200,"error":"","latency":27104254,"latency_human":"27.104254ms","bytes_in":0,"bytes_out":82}
{"level":"debug","ts":"2026-08-21T17:32:06.107+0700","caller":"cache/redis_cache.go:98","msg":"Successfully cached data","cacheKey":"apigw:category:stats:byid:1:year:2024","expiration":"5m0s"}
{"time":"2026-08-21T17:32:06+07:00","id":"eKSFCMIUlrmCPABiDzxUZWGpylXYSmUS","remote_ip":"::1","host":"localhost:5000","method":"GET","uri":"/api/category-stats/mycategory/yearly-total-pricing?year=2024&category_id=1","status":200,"error":"","latency":28397702,"latency_human":"28.397702ms","bytes_in":0,"bytes_out":91}
{"time":"2026-08-21T17:32:06+07:00","id":"lmnZYPNkgbTjFeoCTyzcBNvvfKvYcung","remote_ip":"::1","host":"localhost:5000","method":"GET","uri":"/api/category-stats/monthly-pricing?year=2024&month=1","status":200,"error":"","latency":1130598,"latency_human":"1.130598ms","bytes_in":0,"bytes_out":82}
{"time":"2026-08-21T17:32:06+07:00","id":"nNaDoMBKxdCiKRkhAyfEhIjUsNUAzPcX","remote_ip":"::1","host":"localhost:5000","method":"GET","uri":"/api/category-stats/yearly-pricing?year=2024","status":200,"error":"","latency":1545811,"latency_human":"1.545811ms","bytes_in":0,"bytes_out":91}
{"level":"debug","ts":"2026-08-21T17:32:06.153+0700","caller":"cache/redis_cache.go:98","msg":"Successfully cached data","cacheKey":"apigw:category:stats:bymerchant:1:month:2024","expiration":"5m0s"}
{"time":"2026-08-21T17:32:06+07:00","id":"tPIKmQWPpxbsXtaSBfuflYgAqBAkmKgr","remote_ip":"::1","host":"localhost:5000","method":"GET","uri":"/api/category-stats/merchant/monthly-pricing?year=2024&month=1&merchant_id=1","status":200,"error":"","latency":36936616,"latency_human":"36.936616ms","bytes_in":0,"bytes_out":92}
{"time":"2026-08-21T17:32:06+07:00","id":"BmrRaETxKKAvBwEMGpXSMUpqSmnTIkbd","remote_ip":"::1","host":"localhost:5000","method":"GET","uri":"/api/category-stats/merchant/yearly-pricing?year=2024&merchant_id=1","status":200,"error":"","latency":3041646,"latency_human":"3.041646ms","bytes_in":0,"bytes_out":91}
{"level":"debug","ts":"2026-08-21T17:32:06.193+0700","caller":"cache/redis_cache.go:98","msg":"Successfully cached data","cacheKey":"apigw:category:stats:byid:1:month:2024","expiration":"5m0s"}
{"time":"2026-08-21T17:32:06+07:00","id":"bGfGgYJVdPRQXZNLKFashXEpebHcBgJv","remote_ip":"::1","host":"localhost:5000","method":"GET","uri":"/api/category-stats/mycategory/monthly-pricing?year=2024&month=1&category_id=1","status":200,"error":"","latency":31980080,"latency_human":"31.98008ms","bytes_in":0,"bytes_out":92}
{"time":"2026-08-21T17:32:06+07:00","id":"PuPqtQTxGbXbvETlePzVhWXSFlJfvhAc","remote_ip":"::1","host":"localhost:5000","method":"GET","uri":"/api/category-stats/mycategory/yearly-pricing?year=2024&category_id=1","status":200,"error":"","latency":986842,"latency_human":"986.842µs","bytes_in":0,"bytes_out":91}
{"level":"debug","ts":"2026-08-21T17:32:06.229+0700","caller":"cache/redis_cache.go:98","msg":"Successfully cached data","cacheKey":"apigw:order:monthly:totalRevenue:month:1:year:2024","expiration":"5m0s"}
{"time":"2026-08-21T17:32:06+07:00","id":"oLwHrTDpuIOGrQSbgKaxGqvjeUfRVhUv","remote_ip":"::1","host":"localhost:5000","method":"GET","uri":"/api/order/monthly-total-revenue?year=2024&month=1","status":200,"error":"","latency":32708093,"latency_human":"32.708093ms","bytes_in":0,"bytes_out":82}
{"level":"debug","ts":"2026-08-21T17:32:06.269+0700","caller":"cache/redis_cache.go:98","msg":"Successfully cached data","cacheKey":"apigw:order:yearly:totalRevenue:year:2024","expiration":"5m0s"}
{"time":"2026-08-21T17:32:06+07:00","id":"CgudctbJYnxBHgNPHFvHTKFtojnxzmus","remote_ip":"::1","host":"localhost:5000","method":"GET","uri":"/api/order/yearly-total-revenue?year=2024","status":200,"error":"","latency":37313429,"latency_human":"37.313429ms","bytes_in":0,"bytes_out":91}
{"level":"debug","ts":"2026-08-21T17:32:06.303+0700","caller":"cache/redis_cache.go:98","msg":"Successfully cached data","cacheKey":"apigw:order:monthly:totalRevenue:merchant:1:month:1:year:2024","expiration":"5m0s"}
{"time":"2026-08-21T17:32:06+07:00","id":"MQeLwPUlSVtyrAzUYHRSYswKEZqapQcQ","remote_ip":"::1","host":"localhost:5000","method":"GET","uri":"/api/order/merchant/monthly-total-revenue?year=2024&month=1&merchant_id=1","status":200,"error":"","latency":31544558,"latency_human":"31.544558ms","bytes_in":0,"bytes_out":82}
{"level":"debug","ts":"2026-08-21T17:32:06.342+0700","caller":"cache/redis_cache.go:98","msg":"Successfully cached data","cacheKey":"apigw:order:yearly:totalRevenue:merchant:1:year:2024","expiration":"5m0s"}
{"time":"2026-08-21T17:32:06+07:00","id":"yPTvgaGRdLCWVuhguXCerePrmypIXGkP","remote_ip":"::1","host":"localhost:5000","method":"GET","uri":"/api/order/merchant/yearly-total-revenue?year=2024&merchant_id=1","status":200,"error":"","latency":37360939,"latency_human":"37.360939ms","bytes_in":0,"bytes_out":91}
{"level":"debug","ts":"2026-08-21T17:32:06.388+0700","caller":"cache/redis_cache.go:98","msg":"Successfully cached data","cacheKey":"apigw:order:monthly:order:month:2024","expiration":"5m0s"}
{"time":"2026-08-21T17:32:06+07:00","id":"HIwoPEyBMhaJRrSGomcFYveKFiXqDLZv","remote_ip":"::1","host":"localhost:5000","method":"GET","uri":"/api/order/monthly-revenue?year=2024","status":200,"error":"","latency":43564954,"latency_human":"43.564954ms","bytes_in":0,"bytes_out":76}
{"level":"debug","ts":"2026-08-21T17:32:06.432+0700","caller":"cache/redis_cache.go:98","msg":"Successfully cached data","cacheKey":"apigw:order:yearly:order:year:2024","expiration":"5m0s"}
{"time":"2026-08-21T17:32:06+07:00","id":"uYAKNVIwoaOjJEskUhTfczqaqcGIxlhc","remote_ip":"::1","host":"localhost:5000","method":"GET","uri":"/api/order/yearly-revenue?year=2024","status":200,"error":"","latency":39498329,"latency_human":"39.498329ms","bytes_in":0,"bytes_out":75}
{"level":"debug","ts":"2026-08-21T17:32:06.482+0700","caller":"cache/redis_cache.go:98","msg":"Successfully cached data","cacheKey":"apigw:order:monthly:order:merchant:1:year:2024","expiration":"5m0s"}
{"time":"2026-08-21T17:32:06+07:00","id":"yPgXBQTbjGBOWwOSvzOLoNiKAbAftlGs","remote_ip":"::1","host":"localhost:5000","method":"GET","uri":"/api/order/merchant/monthly-revenue?year=2024&merchant_id=1","status":200,"error":"","latency":44894354,"latency_human":"44.894354ms","bytes_in":0,"bytes_out":88}
{"level":"debug","ts":"2026-08-21T17:32:06.540+0700","caller":"cache/redis_cache.go:98","msg":"Successfully cached data","cacheKey":"apigw:order:yearly:order:merchant:1:year:2024","expiration":"5m0s"}
{"time":"2026-08-21T17:32:06+07:00","id":"bIMhELMxyjjLVhTgYEZEeedPMYmNqRpJ","remote_ip":"::1","host":"localhost:5000","method":"GET","uri":"/api/order/merchant/yearly-revenue?year=2024&merchant_id=1","status":200,"error":"","latency":56718384,"latency_human":"56.718384ms","bytes_in":0,"bytes_out":87}
{"level":"info","ts":"2026-08-21T17:32:06.544+0700","caller":"observability/tracing_metrics.go:105","msg":"Start: GetMonthlyAmountSuccess"}
{"level":"debug","ts":"2026-08-21T17:32:06.586+0700","caller":"cache/redis_cache.go:98","msg":"Successfully cached data","cacheKey":"apigw:transaction:month:amount:success:month:1:year:2024","expiration":"5m0s"}
{"level":"info","ts":"2026-08-21T17:32:06.587+0700","caller":"observability/tracing_metrics.go:122","msg":"Request completed successfully"}
{"time":"2026-08-21T17:32:06+07:00","id":"VKOjSMDwgNcTwiObROYzSOKaQOIVMSIV","remote_ip":"::1","host":"localhost:5000","method":"GET","uri":"/api/transaction-stats/monthly-success?year=2024&month=1","status":200,"error":"","latency":44120174,"latency_human":"44.120174ms","bytes_in":0,"bytes_out":95}
{"level":"info","ts":"2026-08-21T17:32:06.589+0700","caller":"observability/tracing_metrics.go:105","msg":"Start: GetYearlyAmountSuccess"}
{"level":"debug","ts":"2026-08-21T17:32:06.630+0700","caller":"cache/redis_cache.go:98","msg":"Successfully cached data","cacheKey":"apigw:transaction:year:amount:success:year:2024","expiration":"5m0s"}
{"level":"info","ts":"2026-08-21T17:32:06.630+0700","caller":"observability/tracing_metrics.go:122","msg":"Request completed successfully"}
{"time":"2026-08-21T17:32:06+07:00","id":"ufMhJJBGHawUmzyGTKHDOBnrFHFGlccF","remote_ip":"::1","host":"localhost:5000","method":"GET","uri":"/api/transaction-stats/yearly-success?year=2024","status":200,"error":"","latency":41379965,"latency_human":"41.379965ms","bytes_in":0,"bytes_out":94}
{"level":"info","ts":"2026-08-21T17:32:06.633+0700","caller":"observability/tracing_metrics.go:105","msg":"Start: GetMonthlyAmountFailed"}
{"level":"debug","ts":"2026-08-21T17:32:06.683+0700","caller":"cache/redis_cache.go:98","msg":"Successfully cached data","cacheKey":"apigw:transaction:month:amount:failed:month:1:year:2024","expiration":"5m0s"}
{"level":"info","ts":"2026-08-21T17:32:06.683+0700","caller":"observability/tracing_metrics.go:122","msg":"Request completed successfully"}
{"time":"2026-08-21T17:32:06+07:00","id":"JgaJMArAxsvTirIAFiSTlPrzDyZIZomF","remote_ip":"::1","host":"localhost:5000","method":"GET","uri":"/api/transaction-stats/monthly-failed?year=2024&month=1","status":200,"error":"","latency":51000492,"latency_human":"51.000492ms","bytes_in":0,"bytes_out":94}
{"level":"info","ts":"2026-08-21T17:32:06.688+0700","caller":"observability/tracing_metrics.go:105","msg":"Start: GetYearlyAmountFailed"}
{"level":"debug","ts":"2026-08-21T17:32:06.730+0700","caller":"cache/redis_cache.go:98","msg":"Successfully cached data","cacheKey":"apigw:transaction:year:amount:failed:year:2024","expiration":"5m0s"}
{"level":"info","ts":"2026-08-21T17:32:06.730+0700","caller":"observability/tracing_metrics.go:122","msg":"Request completed successfully"}
{"time":"2026-08-21T17:32:06+07:00","id":"tdsKsycPGpAedhkNZZfaUFLMjPgBnntJ","remote_ip":"::1","host":"localhost:5000","method":"GET","uri":"/api/transaction-stats/yearly-failed?year=2024","status":200,"error":"","latency":42017591,"latency_human":"42.017591ms","bytes_in":0,"bytes_out":93}
{"level":"info","ts":"2026-08-21T17:32:06.732+0700","caller":"observability/tracing_metrics.go:105","msg":"Start: GetMonthlyAmountSuccessByMerchant"}
{"level":"debug","ts":"2026-08-21T17:32:06.775+0700","caller":"cache/redis_cache.go:98","msg":"Successfully cached data","cacheKey":"apigw:transaction:month:amount:success:merchant:1:month:1:year:2024","expiration":"5m0s"}
{"level":"info","ts":"2026-08-21T17:32:06.775+0700","caller":"observability/tracing_metrics.go:122","msg":"Request completed successfully"}
{"time":"2026-08-21T17:32:06+07:00","id":"iEihFgDpoLJBZVcZglLBphWAZLiYDypT","remote_ip":"::1","host":"localhost:5000","method":"GET","uri":"/api/transaction-stats/merchant/monthly-success?year=2024&month=1&merchant_id=1","status":200,"error":"","latency":43499192,"latency_human":"43.499192ms","bytes_in":0,"bytes_out":107}
{"level":"info","ts":"2026-08-21T17:32:06.777+0700","caller":"observability/tracing_metrics.go:105","msg":"Start: GetYearlyAmountSuccessByMerchant"}
{"level":"debug","ts":"2026-08-21T17:32:06.818+0700","caller":"cache/redis_cache.go:98","msg":"Successfully cached data","cacheKey":"apigw:transaction:year:amount:success:merchant:1:year:2024","expiration":"5m0s"}
{"level":"info","ts":"2026-08-21T17:32:06.820+0700","caller":"observability/tracing_metrics.go:122","msg":"Request completed successfully"}
{"time":"2026-08-21T17:32:06+07:00","id":"DIGLoBXDiEckLxcAmwqsNBRoWjvSAjwX","remote_ip":"::1","host":"localhost:5000","method":"GET","uri":"/api/transaction-stats/merchant/yearly-success?year=2024&merchant_id=1","status":200,"error":"","latency":43692533,"latency_human":"43.692533ms","bytes_in":0,"bytes_out":106}
{"level":"info","ts":"2026-08-21T17:32:06.824+0700","caller":"observability/tracing_metrics.go:105","msg":"Start: GetMonthlyAmountFailedByMerchant"}
{"level":"debug","ts":"2026-08-21T17:32:06.887+0700","caller":"cache/redis_cache.go:98","msg":"Successfully cached data","cacheKey":"apigw:transaction:month:amount:failed:merchant:1:month:1:year:2024","expiration":"5m0s"}
{"level":"info","ts":"2026-08-21T17:32:06.888+0700","caller":"observability/tracing_metrics.go:122","msg":"Request completed successfully"}
{"time":"2026-08-21T17:32:06+07:00","id":"MCMHUGbqOdoESRXbkEXDmWcmLoLcOSLB","remote_ip":"::1","host":"localhost:5000","method":"GET","uri":"/api/transaction-stats/merchant/monthly-failed?year=2024&month=1&merchant_id=1","status":200,"error":"","latency":64716746,"latency_human":"64.716746ms","bytes_in":0,"bytes_out":106}
{"level":"info","ts":"2026-08-21T17:32:06.890+0700","caller":"observability/tracing_metrics.go:105","msg":"Start: GetYearlyAmountFailedByMerchant"}
{"level":"debug","ts":"2026-08-21T17:32:06.927+0700","caller":"cache/redis_cache.go:98","msg":"Successfully cached data","cacheKey":"apigw:transaction:year:amount:failed:merchant:1:year:2024","expiration":"5m0s"}
{"level":"info","ts":"2026-08-21T17:32:06.928+0700","caller":"observability/tracing_metrics.go:122","msg":"Request completed successfully"}
{"time":"2026-08-21T17:32:06+07:00","id":"AVRdprTWbQkSgxxYYSmwlvwuRemsmKVM","remote_ip":"::1","host":"localhost:5000","method":"GET","uri":"/api/transaction-stats/merchant/yearly-failed?year=2024&merchant_id=1","status":200,"error":"","latency":37692915,"latency_human":"37.692915ms","bytes_in":0,"bytes_out":105}
{"level":"info","ts":"2026-08-21T17:32:06.930+0700","caller":"observability/tracing_metrics.go:105","msg":"Start: GetMonthlyTransactionMethodSuccess"}
{"level":"debug","ts":"2026-08-21T17:32:06.968+0700","caller":"cache/redis_cache.go:98","msg":"Successfully cached data","cacheKey":"apigw:transaction:month:method:success:month:1:year:2024","expiration":"5m0s"}
{"level":"info","ts":"2026-08-21T17:32:06.968+0700","caller":"observability/tracing_metrics.go:122","msg":"Request completed successfully"}
{"time":"2026-08-21T17:32:06+07:00","id":"WFteHYqVTLlNSqOnCQorfBtQtdhQynPc","remote_ip":"::1","host":"localhost:5000","method":"GET","uri":"/api/transaction-stats/monthly-method-success?year=2024&month=1","status":200,"error":"","latency":39406108,"latency_human":"39.406108ms","bytes_in":0,"bytes_out":107}
{"level":"info","ts":"2026-08-21T17:32:06.971+0700","caller":"observability/tracing_metrics.go:105","msg":"Start: GetYearlyTransactionMethodSuccess"}
{"level":"debug","ts":"2026-08-21T17:32:07.015+0700","caller":"cache/redis_cache.go:98","msg":"Successfully cached data","cacheKey":"apigw:transaction:year:method:success:year:2024","expiration":"5m0s"}
{"level":"info","ts":"2026-08-21T17:32:07.016+0700","caller":"observability/tracing_metrics.go:122","msg":"Request completed successfully"}
{"time":"2026-08-21T17:32:07+07:00","id":"qdcYWNfJOOrySSKIBeqMgGqHJYzSAPlE","remote_ip":"::1","host":"localhost:5000","method":"GET","uri":"/api/transaction-stats/yearly-method-success?year=2024","status":200,"error":"","latency":45321675,"latency_human":"45.321675ms","bytes_in":0,"bytes_out":106}
{"level":"info","ts":"2026-08-21T17:32:07.023+0700","caller":"observability/tracing_metrics.go:105","msg":"Start: GetMonthlyTransactionMethodByMerchantSuccess"}
{"level":"debug","ts":"2026-08-21T17:32:07.076+0700","caller":"cache/redis_cache.go:98","msg":"Successfully cached data","cacheKey":"apigw:transaction:month:method:success:merchant:1:month:1:year:2024","expiration":"5m0s"}
{"level":"info","ts":"2026-08-21T17:32:07.076+0700","caller":"observability/tracing_metrics.go:122","msg":"Request completed successfully"}
{"time":"2026-08-21T17:32:07+07:00","id":"jaxDSeiCBJXLKWRANkMOirIOYjuZwBpn","remote_ip":"::1","host":"localhost:5000","method":"GET","uri":"/api/transaction-stats/merchant/monthly-method-success?year=2024&month=1&merchant_id=1","status":200,"error":"","latency":54669071,"latency_human":"54.669071ms","bytes_in":0,"bytes_out":119}
{"level":"info","ts":"2026-08-21T17:32:07.078+0700","caller":"observability/tracing_metrics.go:105","msg":"Start: GetYearlyTransactionMethodByMerchantSuccess"}
{"level":"debug","ts":"2026-08-21T17:32:07.106+0700","caller":"cache/redis_cache.go:98","msg":"Successfully cached data","cacheKey":"apigw:transaction:year:method:success:merchant:1:year:2024","expiration":"5m0s"}
{"level":"info","ts":"2026-08-21T17:32:07.107+0700","caller":"observability/tracing_metrics.go:122","msg":"Request completed successfully"}
{"time":"2026-08-21T17:32:07+07:00","id":"LWzoywSoHlFAvQiikrhsRYNVaERnFkcF","remote_ip":"::1","host":"localhost:5000","method":"GET","uri":"/api/transaction-stats/merchant/yearly-method-success?year=2024&merchant_id=1","status":200,"error":"","latency":30613321,"latency_human":"30.613321ms","bytes_in":0,"bytes_out":118}
{"level":"info","ts":"2026-08-21T17:32:07.110+0700","caller":"observability/tracing_metrics.go:105","msg":"Start: GetMonthlyTransactionMethodFailed"}
{"level":"debug","ts":"2026-08-21T17:32:07.144+0700","caller":"cache/redis_cache.go:98","msg":"Successfully cached data","cacheKey":"apigw:transaction:month:method:failed:month:1:year:2024","expiration":"5m0s"}
{"level":"info","ts":"2026-08-21T17:32:07.145+0700","caller":"observability/tracing_metrics.go:122","msg":"Request completed successfully"}
{"time":"2026-08-21T17:32:07+07:00","id":"gDjUNIzGGgDpYVJcmCVICZBZKcwfAIjN","remote_ip":"::1","host":"localhost:5000","method":"GET","uri":"/api/transaction-stats/monthly-method-failed?year=2024&month=1","status":200,"error":"","latency":36007041,"latency_human":"36.007041ms","bytes_in":0,"bytes_out":106}
{"level":"info","ts":"2026-08-21T17:32:07.149+0700","caller":"observability/tracing_metrics.go:105","msg":"Start: GetYearlyTransactionMethodFailed"}
{"level":"debug","ts":"2026-08-21T17:32:07.197+0700","caller":"cache/redis_cache.go:98","msg":"Successfully cached data","cacheKey":"apigw:transaction:year:method:failed:year:2024","expiration":"5m0s"}
{"level":"info","ts":"2026-08-21T17:32:07.197+0700","caller":"observability/tracing_metrics.go:122","msg":"Request completed successfully"}
{"time":"2026-08-21T17:32:07+07:00","id":"zIwtYaglheLTbEyBUxQPUNDZvwokBaoL","remote_ip":"::1","host":"localhost:5000","method":"GET","uri":"/api/transaction-stats/yearly-method-failed?year=2024","status":200,"error":"","latency":48909363,"latency_human":"48.909363ms","bytes_in":0,"bytes_out":105}
{"level":"info","ts":"2026-08-21T17:32:07.200+0700","caller":"observability/tracing_metrics.go:105","msg":"Start: GetMonthlyTransactionMethodByMerchantFailed"}
{"level":"debug","ts":"2026-08-21T17:32:07.232+0700","caller":"cache/redis_cache.go:98","msg":"Successfully cached data","cacheKey":"apigw:transaction:month:method:failed:merchant:1:month:1:year:2024","expiration":"5m0s"}
{"level":"info","ts":"2026-08-21T17:32:07.232+0700","caller":"observability/tracing_metrics.go:122","msg":"Request completed successfully"}
{"time":"2026-08-21T17:32:07+07:00","id":"BGFDRySbzqlkjwOIhPYJtcmcpkrvBiJW","remote_ip":"::1","host":"localhost:5000","method":"GET","uri":"/api/transaction-stats/merchant/monthly-method-failed?year=2024&month=1&merchant_id=1","status":200,"error":"","latency":33222681,"latency_human":"33.222681ms","bytes_in":0,"bytes_out":118}
{"level":"info","ts":"2026-08-21T17:32:07.235+0700","caller":"observability/tracing_metrics.go:105","msg":"Start: GetYearlyTransactionMethodByMerchantFailed"}
{"level":"debug","ts":"2026-08-21T17:32:07.274+0700","caller":"cache/redis_cache.go:98","msg":"Successfully cached data","cacheKey":"apigw:transaction:year:method:failed:merchant:1:year:2024","expiration":"5m0s"}
{"level":"info","ts":"2026-08-21T17:32:07.275+0700","caller":"observability/tracing_metrics.go:122","msg":"Request completed successfully"}
{"time":"2026-08-21T17:32:07+07:00","id":"FCnSnJkxsnBMFeEOiDsEwdUOlbUDrxFc","remote_ip":"::1","host":"localhost:5000","method":"GET","uri":"/api/transaction-stats/merchant/yearly-method-failed?year=2024&merchant_id=1","status":200,"error":"","latency":40678945,"latency_human":"40.678945ms","bytes_in":0,"bytes_out":117}
{"level":"info","ts":"2026-08-21T17:32:09.368+0700","caller":"observability/tracing_metrics.go:105","msg":"Start: register"}
{"level":"info","ts":"2026-08-21T17:32:09.767+0700","caller":"observability/tracing_metrics.go:122","msg":"Request completed successfully"}
{"time":"2026-08-21T17:32:09+07:00","id":"qbECeZTcSzavqIegycnhaDyaLhoWYMBR","remote_ip":"::1","host":"localhost:5000","method":"POST","uri":"/api/auth/register","status":201,"error":"","latency":399058420,"latency_human":"399.05842ms","bytes_in":184,"bytes_out":259}
{"level":"info","ts":"2026-08-21T17:32:09.769+0700","caller":"observability/tracing_metrics.go:105","msg":"Start: login"}
{"level":"debug","ts":"2026-08-21T17:32:10.119+0700","caller":"cache/redis_cache.go:98","msg":"Successfully cached data","cacheKey":"apigw:auth:login:hurl.transaction.1787308277@example.com","expiration":"5m0s"}
{"level":"info","ts":"2026-08-21T17:32:10.119+0700","caller":"observability/tracing_metrics.go:122","msg":"Request completed successfully"}
{"time":"2026-08-21T17:32:10+07:00","id":"JTPgsZjfMUYZZCFLvhrsNRvKLfkVQUHu","remote_ip":"::1","host":"localhost:5000","method":"POST","uri":"/api/auth/login","status":200,"error":"","latency":350760018,"latency_human":"350.760018ms","bytes_in":89,"bytes_out":389}
{"level":"debug","ts":"2026-08-21T17:32:10.132+0700","caller":"upload_image/upload.go:119","msg":"Successfully saved uploaded file","path":"uploads/category/1787308330131839334.png","size":70,"is_document":false}
{"time":"2026-08-21T17:32:10+07:00","id":"msiqiCCItIzlUkYfraolepSApdMlTkJW","remote_ip":"::1","host":"localhost:5000","method":"POST","uri":"/api/category-command/create","status":201,"error":"","latency":8057849,"latency_human":"8.057849ms","bytes_in":690,"bytes_out":340}
{"time":"2026-08-21T17:32:10+07:00","id":"OnrBojiFhnbpRcXmAdwvCCTaIbQkpFrG","remote_ip":"::1","host":"localhost:5000","method":"POST","uri":"/api/merchant-command/create","status":201,"error":"","latency":16771863,"latency_human":"16.771863ms","bytes_in":272,"bytes_out":378}
{"level":"debug","ts":"2026-08-21T17:32:10.161+0700","caller":"upload_image/upload.go:119","msg":"Successfully saved uploaded file","path":"uploads/products/1787308330161479806.png","size":70,"is_document":false}
{"level":"info","ts":"2026-08-21T17:32:10.182+0700","caller":"cache/redis_cache.go:208","msg":"Invalidated cache keys","pattern":"apigw:product:*","count":0}
{"time":"2026-08-21T17:32:10+07:00","id":"xanxArqVMELvRZjDhDMcKVjzRxkdndgT","remote_ip":"::1","host":"localhost:5000","method":"POST","uri":"/api/product-command/create","status":201,"error":"","latency":22552237,"latency_human":"22.552237ms","bytes_in":1433,"bytes_out":437}
{"time":"2026-08-21T17:32:10+07:00","id":"pNimAUmWBGMgJtnlVDIsHhPBmWOPefPD","remote_ip":"::1","host":"localhost:5000","method":"POST","uri":"/api/order-command/create","status":200,"error":"","latency":82208244,"latency_human":"82.208244ms","bytes_in":455,"bytes_out":206}
{"level":"info","ts":"2026-08-21T17:32:10.270+0700","caller":"observability/tracing_metrics.go:105","msg":"Start: CreateTransaction"}
{"level":"info","ts":"2026-08-21T17:32:10.367+0700","caller":"cache/redis_cache.go:208","msg":"Invalidated cache keys","pattern":"apigw:transaction:*","count":36}
{"level":"info","ts":"2026-08-21T17:32:10.368+0700","caller":"observability/tracing_metrics.go:122","msg":"Request completed successfully"}
{"time":"2026-08-21T17:32:10+07:00","id":"RJpBeXcpRjIGHNsCWYoEvCsGLxQTZmMb","remote_ip":"::1","host":"localhost:5000","method":"POST","uri":"/api/transaction-command/create","status":201,"error":"","latency":98585313,"latency_human":"98.585313ms","bytes_in":149,"bytes_out":250}
{"level":"info","ts":"2026-08-21T17:32:10.371+0700","caller":"observability/tracing_metrics.go:105","msg":"Start: FindAllTransactions"}
{"level":"debug","ts":"2026-08-21T17:32:10.389+0700","caller":"cache/redis_cache.go:98","msg":"Successfully cached data","cacheKey":"apigw:transaction:all:page:1:pageSize:10:search:","expiration":"5m0s"}
{"level":"info","ts":"2026-08-21T17:32:10.389+0700","caller":"observability/tracing_metrics.go:122","msg":"Request completed successfully"}
{"time":"2026-08-21T17:32:10+07:00","id":"LtwyHCTdvfZocimbvNplOnNFnZogmSIT","remote_ip":"::1","host":"localhost:5000","method":"GET","uri":"/api/transaction-query?page=1&page_size=10","status":200,"error":"","latency":19379803,"latency_human":"19.379803ms","bytes_in":0,"bytes_out":1599}
{"level":"info","ts":"2026-08-21T17:32:10.394+0700","caller":"observability/tracing_metrics.go:105","msg":"Start: FindById"}
{"level":"debug","ts":"2026-08-21T17:32:10.409+0700","caller":"cache/redis_cache.go:98","msg":"Successfully cached data","cacheKey":"apigw:transaction:id:9","expiration":"5m0s"}
{"level":"info","ts":"2026-08-21T17:32:10.409+0700","caller":"observability/tracing_metrics.go:122","msg":"Request completed successfully"}
{"time":"2026-08-21T17:32:10+07:00","id":"jqBFMufNxUiAjkqOzTFOuTGXKUthsziy","remote_ip":"::1","host":"localhost:5000","method":"GET","uri":"/api/transaction-query/9","status":200,"error":"","latency":15800645,"latency_human":"15.800645ms","bytes_in":0,"bytes_out":250}
{"level":"info","ts":"2026-08-21T17:32:10.412+0700","caller":"observability/tracing_metrics.go:105","msg":"Start: FindByMerchant"}
{"level":"debug","ts":"2026-08-21T17:32:10.423+0700","caller":"cache/redis_cache.go:98","msg":"Successfully cached data","cacheKey":"apigw:transaction:merchant:14:page:1:pageSize:10:search:","expiration":"5m0s"}
{"level":"info","ts":"2026-08-21T17:32:10.424+0700","caller":"observability/tracing_metrics.go:122","msg":"Request completed successfully"}
{"time":"2026-08-21T17:32:10+07:00","id":"DzogVYIvGViYtXRTwXGSpMeHEvvZzpEU","remote_ip":"::1","host":"localhost:5000","method":"GET","uri":"/api/transaction-query/merchant/14?page=1&page_size=10","status":200,"error":"","latency":11913282,"latency_human":"11.913282ms","bytes_in":0,"bytes_out":346}
{"level":"info","ts":"2026-08-21T17:32:10.426+0700","caller":"observability/tracing_metrics.go:105","msg":"Start: TrashedTransaction"}
{"level":"info","ts":"2026-08-21T17:32:10.473+0700","caller":"cache/redis_cache.go:208","msg":"Invalidated cache keys","pattern":"apigw:transaction:*","count":3}
{"level":"info","ts":"2026-08-21T17:32:10.474+0700","caller":"observability/tracing_metrics.go:122","msg":"Request completed successfully"}
{"time":"2026-08-21T17:32:10+07:00","id":"dBYSrkueSvuTMregGJFgLsqfhnlIDUxs","remote_ip":"::1","host":"localhost:5000","method":"POST","uri":"/api/transaction-command/trashed/9","status":200,"error":"","latency":48405662,"latency_human":"48.405662ms","bytes_in":0,"bytes_out":285}
{"level":"info","ts":"2026-08-21T17:32:10.479+0700","caller":"observability/tracing_metrics.go:105","msg":"Start: RestoreTransaction"}
{"level":"info","ts":"2026-08-21T17:32:10.521+0700","caller":"cache/redis_cache.go:208","msg":"Invalidated cache keys","pattern":"apigw:transaction:*","count":0}
{"level":"info","ts":"2026-08-21T17:32:10.522+0700","caller":"observability/tracing_metrics.go:122","msg":"Request completed successfully"}
{"time":"2026-08-21T17:32:10+07:00","id":"fWdrjYGmmuEppQrPwQpDpycncOMzzhnG","remote_ip":"::1","host":"localhost:5000","method":"POST","uri":"/api/transaction-command/restore/9","status":200,"error":"","latency":45429450,"latency_human":"45.42945ms","bytes_in":0,"bytes_out":267}
{"level":"info","ts":"2026-08-21T17:32:12.643+0700","caller":"observability/tracing_metrics.go:105","msg":"Start: register"}
{"level":"info","ts":"2026-08-21T17:32:13.071+0700","caller":"observability/tracing_metrics.go:122","msg":"Request completed successfully"}
{"time":"2026-08-21T17:32:13+07:00","id":"SiOFIWblaFYpksDofkyyUIMCDWzBWEWk","remote_ip":"::1","host":"localhost:5000","method":"POST","uri":"/api/auth/register","status":201,"error":"","latency":428731271,"latency_human":"428.731271ms","bytes_in":170,"bytes_out":245}
{"level":"info","ts":"2026-08-21T17:32:13.095+0700","caller":"observability/tracing_metrics.go:105","msg":"Start: login"}
{"level":"debug","ts":"2026-08-21T17:32:13.532+0700","caller":"cache/redis_cache.go:98","msg":"Successfully cached data","cacheKey":"apigw:auth:login:hurl.user.1787308277@example.com","expiration":"5m0s"}
{"level":"info","ts":"2026-08-21T17:32:13.532+0700","caller":"observability/tracing_metrics.go:122","msg":"Request completed successfully"}
{"time":"2026-08-21T17:32:13+07:00","id":"YvXKuJLyfWrOpdEvdaUQKtqIpDQLKEac","remote_ip":"::1","host":"localhost:5000","method":"POST","uri":"/api/auth/login","status":200,"error":"","latency":437539618,"latency_human":"437.539618ms","bytes_in":82,"bytes_out":389}
{"level":"info","ts":"2026-08-21T17:32:13.535+0700","caller":"observability/tracing_metrics.go:105","msg":"Start: create-user"}
{"level":"debug","ts":"2026-08-21T17:32:13.877+0700","caller":"cache/redis_cache.go:98","msg":"Successfully cached data","cacheKey":"apigw:user:id:26","expiration":"5m0s"}
{"level":"info","ts":"2026-08-21T17:32:13.879+0700","caller":"observability/tracing_metrics.go:122","msg":"Request completed successfully"}
{"time":"2026-08-21T17:32:13+07:00","id":"vTllTRwzlABnpWBPtqmmHMXYkqtGHbBZ","remote_ip":"::1","host":"localhost:5000","method":"POST","uri":"/api/user-command/create","status":200,"error":"","latency":345121531,"latency_human":"345.121531ms","bytes_in":178,"bytes_out":236}
{"level":"info","ts":"2026-08-21T17:32:13.882+0700","caller":"observability/tracing_metrics.go:105","msg":"Start: find-all-users"}
{"level":"info","ts":"2026-08-21T17:32:13.886+0700","caller":"observability/tracing_metrics.go:122","msg":"Request completed successfully"}
{"time":"2026-08-21T17:32:13+07:00","id":"reJBBThwDRUeRkTWBHSRThSJvVjQSWEs","remote_ip":"::1","host":"localhost:5000","method":"GET","uri":"/api/user-query?page=1&page_size=10","status":200,"error":"","latency":4383401,"latency_human":"4.383401ms","bytes_in":0,"bytes_out":1241}
{"level":"info","ts":"2026-08-21T17:32:13.890+0700","caller":"observability/tracing_metrics.go:105","msg":"Start: find-active-users"}
{"level":"info","ts":"2026-08-21T17:32:13.894+0700","caller":"observability/tracing_metrics.go:122","msg":"Request completed successfully"}
{"time":"2026-08-21T17:32:13+07:00","id":"vYjehYpjTYnsiiVneBXHSeHEffonpPGp","remote_ip":"::1","host":"localhost:5000","method":"GET","uri":"/api/user-query/active?page=1&page_size=10","status":200,"error":"","latency":5502327,"latency_human":"5.502327ms","bytes_in":0,"bytes_out":1464}
{"level":"info","ts":"2026-08-21T17:32:13.900+0700","caller":"observability/tracing_metrics.go:105","msg":"Start: find-user-by-id"}
{"level":"info","ts":"2026-08-21T17:32:13.901+0700","caller":"observability/tracing_metrics.go:122","msg":"Request completed successfully"}
{"time":"2026-08-21T17:32:13+07:00","id":"mquaZyZgjOjzHFWhoFHjHgmSrjqXFAwe","remote_ip":"::1","host":"localhost:5000","method":"GET","uri":"/api/user-query/26","status":200,"error":"","latency":2303206,"latency_human":"2.303206ms","bytes_in":0,"bytes_out":236}
{"level":"info","ts":"2026-08-21T17:32:13.905+0700","caller":"observability/tracing_metrics.go:105","msg":"Start: update-user"}
{"level":"debug","ts":"2026-08-21T17:32:14.246+0700","caller":"cache/redis_cache.go:98","msg":"Successfully cached data","cacheKey":"apigw:user:id:26","expiration":"5m0s"}
{"level":"info","ts":"2026-08-21T17:32:14.247+0700","caller":"observability/tracing_metrics.go:122","msg":"Request completed successfully"}
{"time":"2026-08-21T17:32:14+07:00","id":"zLjxNkkpmokOlXgUhAjgEFNbtGutyfJV","remote_ip":"::1","host":"localhost:5000","method":"POST","uri":"/api/user-command/update/26","status":200,"error":"","latency":344218009,"latency_human":"344.218009ms","bytes_in":179,"bytes_out":237}
{"level":"info","ts":"2026-08-21T17:32:14.253+0700","caller":"observability/tracing_metrics.go:105","msg":"Start: trash-user"}
{"level":"info","ts":"2026-08-21T17:32:14.261+0700","caller":"observability/tracing_metrics.go:122","msg":"Request completed successfully"}
{"time":"2026-08-21T17:32:14+07:00","id":"GdApaeXogpkhoYEjhgDETQjihycMOoVE","remote_ip":"::1","host":"localhost:5000","method":"POST","uri":"/api/user-command/trashed/26","status":200,"error":"","latency":8499246,"latency_human":"8.499246ms","bytes_in":0,"bytes_out":273}
{"level":"info","ts":"2026-08-21T17:32:14.263+0700","caller":"observability/tracing_metrics.go:105","msg":"Start: find-trashed-users"}
{"level":"info","ts":"2026-08-21T17:32:14.265+0700","caller":"observability/tracing_metrics.go:122","msg":"Request completed successfully"}
{"time":"2026-08-21T17:32:14+07:00","id":"CkdzBSbfPzrGRDRgnodQQkWBCEvolgWB","remote_ip":"::1","host":"localhost:5000","method":"GET","uri":"/api/user-query/trashed?page=1&page_size=10","status":200,"error":"","latency":3397021,"latency_human":"3.397021ms","bytes_in":0,"bytes_out":161}
{"level":"info","ts":"2026-08-21T17:32:14.269+0700","caller":"observability/tracing_metrics.go:105","msg":"Start: restore-user"}
{"level":"info","ts":"2026-08-21T17:32:14.280+0700","caller":"observability/tracing_metrics.go:122","msg":"Request completed successfully"}
{"time":"2026-08-21T17:32:14+07:00","id":"GVuaoiXCoFzLPPCwTjEybJnNEmgYabYk","remote_ip":"::1","host":"localhost:5000","method":"POST","uri":"/api/user-command/restore/26","status":200,"error":"","latency":11630795,"latency_human":"11.630795ms","bytes_in":0,"bytes_out":274}
{"level":"info","ts":"2026-08-21T17:32:14.281+0700","caller":"observability/tracing_metrics.go:105","msg":"Start: delete-user-permanent"}
{"level":"info","ts":"2026-08-21T17:32:14.291+0700","caller":"observability/tracing_metrics.go:122","msg":"Request completed successfully"}
{"time":"2026-08-21T17:32:14+07:00","id":"BBbBPKJaBIDunySFhHeujZLiRGGZNWIa","remote_ip":"::1","host":"localhost:5000","method":"DELETE","uri":"/api/user-command/permanent/26","status":200,"error":"","latency":9887378,"latency_human":"9.887378ms","bytes_in":0,"bytes_out":71}
{"level":"info","ts":"2026-08-21T17:32:19.519+0700","caller":"apps/client.go:182","msg":"Cache statistics","ref_count":0,"total_keys":182,"hit_rate":64.34108527131784,"memory_used":"2.2 MB","high_ref_count":false}
